text,clean_text,intent,source
Kira2 tutup ny jam berapa ya bang?,kira tutup ny jam berapa ya bang,lainnya,main
Info bg kapan bisa ambil😊,info bg kapan bisa ambil,lainnya,main
Buka sampe jam berapa bg,buka sampe jam berapa bg,lainnya,main
Malam bang.. Hardisk yang ekternalnya kok gak bisa kebaca ya dari kemarin ya.,malam bang hardisk yang ekternalnya kok gak bisa kebaca ya dari kemarin ya,lainnya,main
"Sore bang, saya jadi pesan baterai utk laptop Advan saya bang",sore bang saya jadi pesan baterai utk laptop advan saya bang,lainnya,main
"Abis file kuliah saye, emg nd bise benar k bg, nanti sye bayar",abis file kuliah saye emg nd bise benar k bg nanti sye bayar,lainnya,main
Bang kalo gak jadi saya bayar berapa?,bang kalo gak jadi saya bayar berapa,lainnya,main
sudah bnv,sudah bnv,lainnya,main
ad ongkos lain kah bang pas pengambilan,ad ongkos lain kah bang pas pengambilan,lainnya,main
waw cepet banget,waw cepet banget,lainnya,main
oh iya bang yang kemaren sekalian ubah tampilan menu nya ya bang,oh iya bang yang kemaren sekalian ubah tampilan menu nya ya bang,lainnya,main
yg keyboard nya udh d matikan bisa kh bang,yg keyboard nya udh d matikan bisa kh bang,lainnya,main
Ooo gitu,ooo gitu,lainnya,main
"kan kemarin abg bilang buat bagi penyimpanan nya juga ke data D, tapi data D juga ada disitu ngaruh gak kira2 ke penyimpanan local disk C nya?",kan kemarin abg bilang buat bagi penyimpanan nya juga ke data d tapi data d juga ada disitu ngaruh gak kira ke penyimpanan local disk c nya,lainnya,main
smlm masih bisa,smlm masih bisa,lainnya,main
Hari minggu buka ga tempat nya?,hari minggu buka ga tempat nya,lainnya,main
Baik bang,baik bang,lainnya,main
Apakah laptop sy sudah di lakukan pengecekan,apakah laptop sy sudah di lakukan pengecekan,lainnya,main
"Baru gitu kah bg depannya, nda pakai yang patah itu lagi ya bg ? Oke bg,  ntr saya nanya ortu dulu ya bg Jadi kalau dengan cas ni 650 ya bg Ini nda bisa kurang lagi kah bg",baru gitu kah bg depannya nda pakai yang patah itu lagi ya bg oke bg ntr saya nanya ortu dulu ya bg jadi kalau dengan cas ni ya bg ini nda bisa kurang lagi kah bg,lainnya,external
Tolong dibersihkan bagian dalam ya.,tolong dibersihkan bagian dalam ya,lainnya,main
perbaikannya berapa lama ya bang?,perbaikannya berapa lama ya bang,lainnya,main
bs po ndk bang,bs po ndk bang,lainnya,main
Tutup smpai jam berapa bg,tutup smpai jam berapa bg,lainnya,main
"Nanti aja dlu bu, blm ada uang",nanti aja dlu bu blm ada uang,lainnya,main
Iya gitu aja deh mba,iya gitu aja deh mba,lainnya,main
Baik terimakasih,baik terimakasih,lainnya,main
Tadi gak keburu jdi krja dulu,tadi gak keburu jdi krja dulu,lainnya,main
Udah bisa di ambil kah bg laptop nya?,udah bisa di ambil kah bg laptop nya,lainnya,main
"Bg, saya ambil laptop sore hr ini ya. Dkt² magrib kek nya",bg saya ambil laptop sore hr ini ya dkt magrib kek nya,lainnya,main
Ok,ok,lainnya,main
brp lama,brp lama,lainnya,main
tungguu yaa bang saya nanya orang tua duluu,tungguu yaa bang saya nanya orang tua duluu,lainnya,main
Jadi udah bisa ya kk?,jadi udah bisa ya kk,lainnya,main
Siap bg,siap bg,lainnya,main
Dana Jak ye bang,dana jak ye bang,lainnya,main
Gada bang hm,gada bang hm,lainnya,main
maaf kak keyboard ny yg di bawah 550 ribu ada ndak ya kak🙏🏼,maaf kak keyboard ny yg di bawah ribu ada ndak ya kak,lainnya,main
kapan itu kira-kira bisa diambil bg,kapan itu kirakira bisa diambil bg,lainnya,main
"Pagi kk, jdi kek mne kk laptopnye?",pagi kk jdi kek mne kk laptopnye,lainnya,main
"bg, ttup?",bg ttup,lainnya,main
Emang udah rusak kybord nya suka error,emang udah rusak kybord nya suka error,lainnya,main
masih di kantor,masih di kantor,lainnya,main
"baik bg, nanti saya info kembali soal jadi atau nga nya ya bg🙏🏻",baik bg nanti saya info kembali soal jadi atau nga nya ya bg,lainnya,main
Iya udh lh .,iya udh lh,lainnya,main
gatau cba cek bg,gatau cba cek bg,lainnya,main
bg ada jual cas laptop nda,bg ada jual cas laptop nda,lainnya,main
Agak sorean ya bang saya ambilnya,agak sorean ya bang saya ambilnya,lainnya,main
Mau nanya,mau nanya,lainnya,main
waalaikumsalam,waalaikumsalam,lainnya,main
bisa dibetulkan ndak tu bang?,bisa dibetulkan ndak tu bang,lainnya,main
test,test,lainnya,main
Brpa bg klau betulkn frame tuh,brpa bg klau betulkn frame tuh,lainnya,main
"baik kak terimakasih infonya, mungkin malam baru bisa saya ambil",baik kak terimakasih infonya mungkin malam baru bisa saya ambil,lainnya,main
klo cas laptop acer berapa,klo cas laptop acer berapa,lainnya,main
Bang mun nak betolkan laptop kire-kire sampai jam berape?,bang mun nak betolkan laptop kirekire sampai jam berape,lainnya,external
"Maaf Sya Mau Tanya,,",maaf sya mau tanya,lainnya,main
Bang,bang,lainnya,main
Jdi bru ku bawa ke toko abg,jdi bru ku bawa ke toko abg,lainnya,main
"minus hanya shadow tipis pink, dan port hanya bisa 1 untuk charging, port lain pemindahan data",minus hanya shadow tipis pink dan port hanya bisa untuk charging port lain pemindahan data,lainnya,main
reskyka syahria,reskyka syahria,lainnya,main
Ok,ok,lainnya,main
Segera di ambil,segera di ambil,lainnya,main
Mau bang,mau bang,lainnya,main
bsk bisa kh diambil?,bsk bisa kh diambil,lainnya,main
makasih banyak yaa bangggg,makasih banyak yaa bangggg,lainnya,main
saya ambil besok ya bang,saya ambil besok ya bang,lainnya,main
kira-kira udahnya berapa lama ni kak?,kirakira udahnya berapa lama ni kak,lainnya,external
Ini masalah kalau diangkat sedikit langsung eror kan ya layar laptopnya?,ini masalah kalau diangkat sedikit langsung eror kan ya layar laptopnya,lainnya,main
tes,tes,lainnya,main
jadi gmna tu bg,jadi gmna tu bg,lainnya,main
"siap kak, nnti balik kesini lagi saya ambil nya kk",siap kak nnti balik kesini lagi saya ambil nya kk,lainnya,main
Dokumen yg di data D nya?,dokumen yg di data d nya,lainnya,main
Oo iya,oo iya,lainnya,main
jadi supaya bisa masuk ke windows nya harus di install ulang ya kak,jadi supaya bisa masuk ke windows nya harus di install ulang ya kak,lainnya,main
Baik bg,baik bg,lainnya,main
"siang bang, mau tanya untuk laptop ultrabook yang 2jtaan ada ga bang",siang bang mau tanya untuk laptop ultrabook yang jtaan ada ga bang,lainnya,main
Bisa dicek gak.,bisa dicek gak,lainnya,main
Ini bg,ini bg,lainnya,main
udh tdi ga hidup juga,udh tdi ga hidup juga,lainnya,main
"Yaudah gpp bg, gak jadi diperbaiki",yaudah gpp bg gak jadi diperbaiki,lainnya,main
Bang,bang,lainnya,main
Tdi tu ade mnta instal ulangkan kawan,tdi tu ade mnta instal ulangkan kawan,lainnya,main
Yg lain tidak ada kah bg,yg lain tidak ada kah bg,lainnya,main
skrg masih buka kh bng,skrg masih buka kh bng,lainnya,main
Bang sya sdh jln ksna,bang sya sdh jln ksna,lainnya,main
Ok siap makasih bg,ok siap makasih bg,lainnya,main
Sye bwa ja dlu nngu kumpulkan uang bru cobe prbaiki,sye bwa ja dlu nngu kumpulkan uang bru cobe prbaiki,lainnya,main
"Saya baru bisa ambil sekarang, kalau besok pagi atau siang bisa diambil jam berapa?",saya baru bisa ambil sekarang kalau besok pagi atau siang bisa diambil jam berapa,lainnya,main
Bisa kurang gak bu?,bisa kurang gak bu,lainnya,main
bg bisa ndk ambil nya besok pas saya plg kuliah aja??,bg bisa ndk ambil nya besok pas saya plg kuliah aja,lainnya,main
Permisi Bang,permisi bang,lainnya,main
Terimakasih yaa kk informasinyaa🙏🏻,terimakasih yaa kk informasinyaa,lainnya,main
"Siap, ditunggu infonya",siap ditunggu infonya,lainnya,main
Tapi masih ok buat dipakai y bg,tapi masih ok buat dipakai y bg,lainnya,main
untuk pembayaran bisa pakai tf ga bang,untuk pembayaran bisa pakai tf ga bang,lainnya,main
Besok buka gak min pagi2,besok buka gak min pagi,lainnya,main
Dah same solder balek ke tuh bang?,dah same solder balek ke tuh bang,lainnya,main
Masih buka kan,masih buka kan,lainnya,main
tutup jam berape bang?,tutup jam berape bang,lainnya,main
kalau keyboard 65% tu maksudnya gimanan bang,kalau keyboard tu maksudnya gimanan bang,lainnya,main
Hrus instalnulang lagi la ye ?,hrus instalnulang lagi la ye,lainnya,main
Masih lama kah download nya bang,masih lama kah download nya bang,lainnya,main
sipp,sipp,lainnya,main
misi bang udah selesai kah bang ?,misi bang udah selesai kah bang,lainnya,main
Saya mau ambil file di dalamnya bang,saya mau ambil file di dalamnya bang,lainnya,main
Siap bang,siap bang,lainnya,main
"Ok jadi bu, tolong dikerjain ya",ok jadi bu tolong dikerjain ya,lainnya,main
Instal ulang dulu yak bg untuk sementara ini,instal ulang dulu yak bg untuk sementara ini,lainnya,main
Oh gitu kak. Btw kalau jual laptop bekas disini bisa gak kak?,oh gitu kak btw kalau jual laptop bekas disini bisa gak kak,lainnya,main
Oo iya permisi ya bang kalau hari ini mungkin saya blm bisa ngambil soalnya lagi pergi ngk di pontianak,oo iya permisi ya bang kalau hari ini mungkin saya blm bisa ngambil soalnya lagi pergi ngk di pontianak,lainnya,main
tiba-tiba jak bang,tibatiba jak bang,lainnya,main
kalau dikosongin aja bisa ga itu ya bg,kalau dikosongin aja bisa ga itu ya bg,lainnya,main
"Cobe abg tolong chat gini ke saye bilang, bise dipulihkan file tu",cobe abg tolong chat gini ke saye bilang bise dipulihkan file tu,lainnya,main
benar la bang,benar la bang,lainnya,main
mf kk nnti aj,mf kk nnti aj,lainnya,main
jambrp tutup toko?,jambrp tutup toko,lainnya,main
tutup jm brp kk,tutup jm brp kk,lainnya,main
"Ok 
Pembayaran bisa menggunakan qris/TF?",ok pembayaran bisa menggunakan qristf,lainnya,main
Ndak bise turun ke hargenye bang?,ndak bise turun ke hargenye bang,lainnya,external
Owh ok. Klo casannya ada jual juga kah Bang? Dan harganya berapaan?,owh ok klo casannya ada jual juga kah bang dan harganya berapaan,lainnya,main
"Hee maaf gak bisa bng lagi ada mata kuliah tdi bng full lagii ga main hp jga bng, kalo besok bisa ga bng datangnya??",hee maaf gak bisa bng lagi ada mata kuliah tdi bng full lagii ga main hp jga bng kalo besok bisa ga bng datangnya,lainnya,main
"Gpp dh bg, gak usah diperbaiki, laptop e udh lama juga",gpp dh bg gak usah diperbaiki laptop e udh lama juga,lainnya,main
Yg juta aja bg,yg juta aja bg,lainnya,main
itu perlu diinstal ga,itu perlu diinstal ga,lainnya,main
Tapi itu masih bisa di paki ya bg,tapi itu masih bisa di paki ya bg,lainnya,main
Tetap 700 gak kurang juga,tetap gak kurang juga,lainnya,main
Ngape wa nye nda bise di buka ke,ngape wa nye nda bise di buka ke,lainnya,main
saya di supadio soalnya,saya di supadio soalnya,lainnya,main
Ok,ok,lainnya,main
assalamualaikum bg untuk laptop saye gimne tu bg perkembangannye,assalamualaikum bg untuk laptop saye gimne tu bg perkembangannye,lainnya,main
Tapi sekarang pas di cas ndk mau nyala BG laptop nya,tapi sekarang pas di cas ndk mau nyala bg laptop nya,lainnya,main
Leptop yg satunya gimana bg,leptop yg satunya gimana bg,lainnya,main
Baterai e ndk ngpe2 ke bng,baterai e ndk ngpe ke bng,lainnya,main
Kapan bisa di ambil?,kapan bisa di ambil,lainnya,main
Bisa kurang gak bang?,bisa kurang gak bang,lainnya,main
bebas min,bebas min,lainnya,main
Bisa kurang gak pak?,bisa kurang gak pak,lainnya,main
SSD tu supaya nda ngeleg kah,ssd tu supaya nda ngeleg kah,lainnya,main
ly042213 bang,ly bang,lainnya,main
Ndak di update windows 11 ye bang. ada ngefreeze lagi nda  bang pas di cek,ndak di update windows ye bang ada ngefreeze lagi nda bang pas di cek,lainnya,main
yg putih bise bang,yg putih bise bang,lainnya,main
makasih banyak🙏🏻🙏🏻🙏🏻,makasih banyak,lainnya,main
Id upgrade Jak bg,id upgrade jak bg,lainnya,main
Bang laptop saya udh k?,bang laptop saya udh k,lainnya,main
untuk kesalahan ny di situ saja ya kak,untuk kesalahan ny di situ saja ya kak,lainnya,main
Bg laptop nya sudah bisa kah?,bg laptop nya sudah bisa kah,lainnya,main
ada rekomendasi tempat yg bisa nggak ya kak,ada rekomendasi tempat yg bisa nggak ya kak,lainnya,main
"BEGIN:VCARD
VERSION:3.0
N:;Brother Pai;;;
FN:Brother Pai 
TEL;type=CELL;type=VOICE;waid=6281156701235:+62 811-5670-1235
END:VCARD",beginvcard version nbrother pai fnbrother pai teltypecelltypevoicewaid endvcard,lainnya,main
Besok pagi/siang saye ambil bg,besok pagisiang saye ambil bg,lainnya,main
Ok bang,ok bang,lainnya,main
dimana lah tu ye bang,dimana lah tu ye bang,lainnya,main
Bang toko ny tutup jam berapa ya bang,bang toko ny tutup jam berapa ya bang,lainnya,main
Ok bg,ok bg,lainnya,main
yg ndk full nye k bang,yg ndk full nye k bang,lainnya,main
Yg ini🙏🏻,yg ini,lainnya,main
Ok baik Bg,ok baik bg,lainnya,main
belum kah bang,belum kah bang,lainnya,main
saya otw kak,saya otw kak,lainnya,main
kak udh bisa diambil blm laptopnya???,kak udh bisa diambil blm laptopnya,lainnya,main
besok aja ya kak saya ngambil nya saya lagi diluar Pontianak,besok aja ya kak saya ngambil nya saya lagi diluar pontianak,lainnya,main
Baterainya gak bisa dicas,baterainya gak bisa dicas,lainnya,main
Kira–kira kapan bisa diambil pak?,kirakira kapan bisa diambil pak,lainnya,main
Bng ngpe gni ye kmren kan bru d betulkan d stu,bng ngpe gni ye kmren kan bru d betulkan d stu,lainnya,main
Asus Vivobook A416JA terima jual brp kk?,asus vivobook aja terima jual brp kk,lainnya,main
Klw bisa semua semuanya si kak hm,klw bisa semua semuanya si kak hm,lainnya,main
Hallo bang,hallo bang,lainnya,main
Tf kmna bg?,tf kmna bg,lainnya,main
bg besok saye ambek laptop e,bg besok saye ambek laptop e,lainnya,main
Kira–kira kapan bisa diambil pak?,kirakira kapan bisa diambil pak,lainnya,main
waduh,waduh,lainnya,main
Ok,ok,lainnya,main
Klok tk Ade besok lah ye Bg,klok tk ade besok lah ye bg,lainnya,main
Yang ini cari in dulu lah ya,yang ini cari in dulu lah ya,lainnya,main
Sdh selesai apa blm dik Laptopnya,sdh selesai apa blm dik laptopnya,lainnya,main
Ada mines nya gak bang,ada mines nya gak bang,lainnya,main
Mau ambil laptop,mau ambil laptop,lainnya,main
"Nah itu saya nda tau,
Itu dilihat nya darimna?",nah itu saya nda tau itu dilihat nya darimna,lainnya,main
Nanti saya ambil,nanti saya ambil,lainnya,main
Iya,iya,lainnya,main
"Iya lah bang, nanti saya kesana 
Malam abng buka kah?",iya lah bang nanti saya kesana malam abng buka kah,lainnya,main
Iya tq besok saya bawa kesana tq,iya tq besok saya bawa kesana tq,lainnya,main
"Baik bang, nanti sore diambilnya",baik bang nanti sore diambilnya,lainnya,main
Tapi di laptop lain mau,tapi di laptop lain mau,lainnya,main
Oklah bg,oklah bg,lainnya,main
Iya.,iya,lainnya,main
Yaudahh bg saya ambil aja laptop nya,yaudahh bg saya ambil aja laptop nya,lainnya,main
Tibe2 bise die,tibe bise die,lainnya,main
"Baru gitu kah bg depannya, nda pakai yang patah itu lagi ya bg",baru gitu kah bg depannya nda pakai yang patah itu lagi ya bg,lainnya,main
1 ja si,ja si,lainnya,main
klo benerkn hardware kira” brp bg?,klo benerkn hardware kira brp bg,lainnya,main
Okke bg,okke bg,lainnya,main
400 kan bg?,kan bg,lainnya,main
"Bng, gmn lptop sy",bng gmn lptop sy,lainnya,main
"Mba, laptopnya udah selsau ngk ya?",mba laptopnya udah selsau ngk ya,lainnya,main
"kira kira kalo saya mau jual macbook pro 2017 touchbar 15"", dapat di berapa ya?",kira kira kalo saya mau jual macbook pro touchbar dapat di berapa ya,lainnya,main
"Kire"" msh lma ke bg",kire msh lma ke bg,lainnya,main
Jadi semua total berapa bng,jadi semua total berapa bng,lainnya,main
Ok bg,ok bg,lainnya,main
iya kak,iya kak,lainnya,main
kir besok udh selesai ga ya soalnya mau dipake,kir besok udh selesai ga ya soalnya mau dipake,lainnya,main
biarr jakkk,biarr jakkk,lainnya,main
Yg gak bisa apa2 jak kak,yg gak bisa apa jak kak,lainnya,main
ntr kalau mau ambil saya kabarin ya kak,ntr kalau mau ambil saya kabarin ya kak,lainnya,main
iya santai jak kak,iya santai jak kak,lainnya,main
Ok makasih,ok makasih,lainnya,main
Pengerjaan nya,pengerjaan nya,lainnya,main
Ok bu makasih,ok bu makasih,lainnya,main
wa nya jak yang dak bise,wa nya jak yang dak bise,lainnya,main
Toko nya tutup jam brp an bang,toko nya tutup jam brp an bang,lainnya,main
Terima kasih bg,terima kasih bg,lainnya,main
Saye ambil malam bise nd bg? Saye masih di tmpt krja,saye ambil malam bise nd bg saye masih di tmpt krja,lainnya,main
"Bg nnti info ye bg kalau udah.
Saye yg tadi nih bg",bg nnti info ye bg kalau udah saye yg tadi nih bg,lainnya,main
Ok sip,ok sip,lainnya,main
terimakasih kak,terimakasih kak,lainnya,main
Wait,wait,lainnya,main
Jadinya berapa bang ..klau nambah banyak ndk tu bang .,jadinya berapa bang klau nambah banyak ndk tu bang,lainnya,main
Iya bg,iya bg,lainnya,main
Yallah e,yallah e,lainnya,main
Klok Ade motor malam ini saya ambil Bg,klok ade motor malam ini saya ambil bg,lainnya,main
Izin bang mau follow up leptop saya bang atas nama Ade Saputra,izin bang mau follow up leptop saya bang atas nama ade saputra,lainnya,main
Ok bng,ok bng,lainnya,main
Malam ini tutup jam berapa,malam ini tutup jam berapa,lainnya,main
sepaket gimne tu bg?,sepaket gimne tu bg,lainnya,main
Gmna cra nya bg biar dia bsa wifi,gmna cra nya bg biar dia bsa wifi,lainnya,main
Jam 9 saye plg bg..mungkin smpai di stu jam 9 lewat gtu bg..,jam saye plg bgmungkin smpai di stu jam lewat gtu bg,lainnya,main
G,g,lainnya,main
"Hallo maaf kak, kalau ngambil sekarang bisa nggak kak?. Toko nya tutup jam berapa kak?",hallo maaf kak kalau ngambil sekarang bisa nggak kak toko nya tutup jam berapa kak,lainnya,main
Ndk ade di apeapekan bg,ndk ade di apeapekan bg,lainnya,main
misa bg sya kemarin servis leptop ditempat abg atas nama maya leptop ya nd mau hidup lgi,misa bg sya kemarin servis leptop ditempat abg atas nama maya leptop ya nd mau hidup lgi,lainnya,main
Laptopnyaa gimna ya bg?,laptopnyaa gimna ya bg,lainnya,main
ok bntr bg,ok bntr bg,lainnya,main
Sudah selesai service kah?,sudah selesai service kah,lainnya,main
Ok otw,ok otw,lainnya,main
maaf bang laptop ny sy pakai jk dlu🙏🏻,maaf bang laptop ny sy pakai jk dlu,lainnya,main
"Oiya baik kak, nanti hari ini diambil",oiya baik kak nanti hari ini diambil,lainnya,main
Nnti malam atau besok bisa gak,nnti malam atau besok bisa gak,lainnya,main
permisi bang,permisi bang,lainnya,main
Ok,ok,lainnya,main
"Bang, gmn lptopny?",bang gmn lptopny,lainnya,main
Ndk tau juga si bg,ndk tau juga si bg,lainnya,main
Windows udah di update ke bang,windows udah di update ke bang,lainnya,main
baik bg besok siang saya ambil,baik bg besok siang saya ambil,lainnya,main
Bisa kurang gak pak?,bisa kurang gak pak,lainnya,main
Berapa biayanya bang?,berapa biayanya bang,lainnya,main
Bentar ye bang,bentar ye bang,lainnya,main
Baik bang terimakasi besok bole saya bawa kesitu ya bang,baik bang terimakasi besok bole saya bawa kesitu ya bang,lainnya,main
Kira2 sore ini bisa diambil ndk bg?,kira sore ini bisa diambil ndk bg,lainnya,main
tokonya tutup jam berapa ya?,tokonya tutup jam berapa ya,lainnya,main
Oky makasih bang ya,oky makasih bang ya,lainnya,main
bentar ya bang kamek cek,bentar ya bang kamek cek,lainnya,main
Bg udh bise ke atau mash loading,bg udh bise ke atau mash loading,lainnya,main
"Siap, ditunggu infonya",siap ditunggu infonya,lainnya,main
mana bang,mana bang,lainnya,main
"Coba di edit dri situ, kek tambah2 ketikan apa gtu, abistu di save",coba di edit dri situ kek tambah ketikan apa gtu abistu di save,lainnya,main
ohhhh,ohhhh,lainnya,main
Ok,ok,lainnya,main
Besok bukak jam berapa Bg,besok bukak jam berapa bg,lainnya,main
"Oiya kk, sore nya jam berapa ya?",oiya kk sore nya jam berapa ya,lainnya,main
"bg kn kmrn saya nd pakai laptop sy trs pas baru saya pakai hri ini die tu tetap blue screen bg, nah itu tu knp ya",bg kn kmrn saya nd pakai laptop sy trs pas baru saya pakai hri ini die tu tetap blue screen bg nah itu tu knp ya,lainnya,main
Ohh ok bang mksehh infonyee🙏🙏,ohh ok bang mksehh infonyee,lainnya,main
Tapi bole gak di cek kan dlu,tapi bole gak di cek kan dlu,lainnya,main
Jdi gmne,jdi gmne,lainnya,main
Ohhh baik lhh bng,ohhh baik lhh bng,lainnya,main
baik bang saya mau🙏,baik bang saya mau,lainnya,main
kamek sie dolok jak bentar lagi bang,kamek sie dolok jak bentar lagi bang,lainnya,main
tahan jak lok bang,tahan jak lok bang,lainnya,main
ohh gitu ya bg,ohh gitu ya bg,lainnya,main
Nnti barang nya saya ambil ya bg,nnti barang nya saya ambil ya bg,lainnya,main
Tes,tes,lainnya,main
"Duh, ternyata harga laptop baru gak beda jauh, gak jadi ya kak",duh ternyata harga laptop baru gak beda jauh gak jadi ya kak,lainnya,main
"Waduh saya lagi diluar ni bang, tokonya buka sampai jam berapa bang?",waduh saya lagi diluar ni bang tokonya buka sampai jam berapa bang,lainnya,main
bentar kk saya mikir bntarr,bentar kk saya mikir bntarr,lainnya,main
Bentar bang nanyak mamak lok,bentar bang nanyak mamak lok,lainnya,main
"omagat makasih banyak bang, anak ku",omagat makasih banyak bang anak ku,lainnya,main
"Laptop saye ndk mau hidup bang
Setelah di restart die ndk mau idup
Tpi kipas nye bunyi nyaring",laptop saye ndk mau hidup bang setelah di restart die ndk mau idup tpi kipas nye bunyi nyaring,lainnya,main
Maaf bh baru buka hp,maaf bh baru buka hp,lainnya,main
Bisa kurang gak bu?,bisa kurang gak bu,lainnya,main
Siang. Langsung di perbaiki aja bang,siang langsung di perbaiki aja bang,lainnya,main
"Yaudah gpp kak, gak jadi diperbaiki",yaudah gpp kak gak jadi diperbaiki,lainnya,main
Jadi kalau dengan cas ni 650 ya bg,jadi kalau dengan cas ni ya bg,lainnya,main
Ok... Masih,ok masih,lainnya,main
Bisa di ambil kapan setelah smua di servis,bisa di ambil kapan setelah smua di servis,lainnya,main
bsk mungkin pagi atau sore saya ambil laptopnya,bsk mungkin pagi atau sore saya ambil laptopnya,lainnya,main
"Gak jadi bang, uangnya mau dipake keperluan lain dlu",gak jadi bang uangnya mau dipake keperluan lain dlu,lainnya,main
Lepas aja gak masalah kan,lepas aja gak masalah kan,lainnya,main
kapan ya bnag baru selesai,kapan ya bnag baru selesai,lainnya,external
Saya otw kesana bg,saya otw kesana bg,lainnya,main
besok sya ambil yah bg,besok sya ambil yah bg,lainnya,main
"Ok
Bntar",ok bntar,lainnya,main
Sip bang,sip bang,lainnya,main
Tokonya jam berapa tutup ya mba,tokonya jam berapa tutup ya mba,lainnya,main
klo dah selesai info bg,klo dah selesai info bg,lainnya,main
Ok,ok,lainnya,main
Tutup jam brp,tutup jam brp,lainnya,main
Bsokla antar laptop ny bng blm sempat,bsokla antar laptop ny bng blm sempat,lainnya,main
Infokan ya bg kalau dh selesai,infokan ya bg kalau dh selesai,lainnya,main
"Baik terimakasih infonya, saya ambil besok pagi saja",baik terimakasih infonya saya ambil besok pagi saja,lainnya,main
mode malam nya juga gabisa di aktifin,mode malam nya juga gabisa di aktifin,lainnya,main
"laptop yg kemarin nd hidup lagi bang, udah di cas berjam jam jga nd mau hidup",laptop yg kemarin nd hidup lagi bang udah di cas berjam jam jga nd mau hidup,lainnya,main
Berapa biayanya ya bang,berapa biayanya ya bang,lainnya,main
Ok nanti saya ke sana dulu,ok nanti saya ke sana dulu,lainnya,main
"Bang, untuk leptop nya bagaimana yaa?",bang untuk leptop nya bagaimana yaa,lainnya,main
Jujur angkanya sedikit di atas anggaran yang saya siapkan. Apakah masih ada ruang untuk diskon atau negosiasi harga,jujur angkanya sedikit di atas anggaran yang saya siapkan apakah masih ada ruang untuk diskon atau negosiasi harga,lainnya,external
nd bg,nd bg,lainnya,main
Bg saye ndk bwa nota ni ndk ape ke ngambek e,bg saye ndk bwa nota ni ndk ape ke ngambek e,lainnya,main
Die kire saye yg nyuruh,die kire saye yg nyuruh,lainnya,main
Bg toko buka jam berapa?,bg toko buka jam berapa,lainnya,main
laptop ny atas nama martilan,laptop ny atas nama martilan,lainnya,main
Itu termasuk yang bermasalah pas mau di hidup kan itu kah bang?,itu termasuk yang bermasalah pas mau di hidup kan itu kah bang,lainnya,main
Biase ape Nye lah bang ii,biase ape nye lah bang ii,lainnya,main
Nda ade saye ape2 kan padahal,nda ade saye ape kan padahal,lainnya,main
gausah kalik ya cmn 1 doang,gausah kalik ya cmn doang,lainnya,main
Baik bang saya otw sekarang,baik bang saya otw sekarang,lainnya,main
Kan tk pernah d sentoh dri abg betulkan kmren tu,kan tk pernah d sentoh dri abg betulkan kmren tu,lainnya,main
Iya,iya,lainnya,main
Ok kak makasih,ok kak makasih,lainnya,main
Ram nya Cuma 2,ram nya cuma,lainnya,main
"Ok bang, bntr y",ok bang bntr y,lainnya,main
Klw betulin semua sama baterai berapa bng,klw betulin semua sama baterai berapa bng,lainnya,main
Kak apakah habis jumat slesai,kak apakah habis jumat slesai,lainnya,main
"Yaudah gpp kak, gak jadi diperbaiki",yaudah gpp kak gak jadi diperbaiki,lainnya,main
nnti sy ambil laptop ny y,nnti sy ambil laptop ny y,lainnya,main
"waalaikumsalam bang, besok ya",waalaikumsalam bang besok ya,lainnya,main
Klo udh ke baca info ye bg,klo udh ke baca info ye bg,lainnya,main
Bisa kurang gak bang?,bisa kurang gak bang,lainnya,main
"permisi bang, mau nanya",permisi bang mau nanya,lainnya,main
Buka jam brp ?,buka jam brp,lainnya,main
Ada garansi kah bg,ada garansi kah bg,lainnya,main
bole kak perkiraan kapan selesai kk,bole kak perkiraan kapan selesai kk,lainnya,main
SULISTIA123,sulistia,lainnya,main
"laptonya bisa diambil dulu nd kk, klo bisa nnti saya ambil tpi sudh di perbaiki blm",laptonya bisa diambil dulu nd kk klo bisa nnti saya ambil tpi sudh di perbaiki blm,lainnya,main
itu yg dri jakarta blm konfirmasi ya?,itu yg dri jakarta blm konfirmasi ya,lainnya,main
ok bg,ok bg,lainnya,main
"Baik la, otw",baik la otw,lainnya,main
jadi gmn kak udh ada konfirmasi dri jakarta kah berapa harganya?,jadi gmn kak udh ada konfirmasi dri jakarta kah berapa harganya,lainnya,main
Jadi ape Nye lah bang,jadi ape nye lah bang,lainnya,main
okay,okay,lainnya,main
Baiklah bg nanti kalau jd saya infokn,baiklah bg nanti kalau jd saya infokn,lainnya,main
Malam kak,malam kak,lainnya,main
Ohh baik lahh bang,ohh baik lahh bang,lainnya,main
Kalau bise cepat saye bayar lebih bg 😁🙏,kalau bise cepat saye bayar lebih bg,lainnya,main
"Waalaikumsalam..
iya baik Kak, sekitar jam 4 lewat saya ke toko ya Kak.
🙏🏻",waalaikumsalam iya baik kak sekitar jam lewat saya ke toko ya kak,lainnya,main
po juga nd bise ke bg?,po juga nd bise ke bg,lainnya,main
itu ambil ke toko langsung ke bg,itu ambil ke toko langsung ke bg,lainnya,main
bg bisa qris/tf nd?,bg bisa qristf nd,lainnya,main
Jadi gimana,jadi gimana,lainnya,main
Iya min,iya min,lainnya,main
"Katanya udh dibongkar BG, soalnya segelnya dh kebuka?",katanya udh dibongkar bg soalnya segelnya dh kebuka,lainnya,main
gpp,gpp,lainnya,main
Intinya leptop tu bang yang bermasalah awalnya cuma mau ngidupin nya jak sulit kadang langusng hidup kadang harus di buka tutup-buka tutup dulu baru hidup kata abng saya,intinya leptop tu bang yang bermasalah awalnya cuma mau ngidupin nya jak sulit kadang langusng hidup kadang harus di buka tutupbuka tutup dulu baru hidup kata abng saya,lainnya,main
Saye bru balek dri ketapang soal ny bg,saye bru balek dri ketapang soal ny bg,lainnya,main
Bang maaf mau tanya kemarin waktu install ulang semua file yang ada disini ada di backup nda ya?,bang maaf mau tanya kemarin waktu install ulang semua file yang ada disini ada di backup nda ya,lainnya,main
Iyaa bg,iyaa bg,lainnya,main
Windos nya mati.klw bisa hidupkan bng,windos nya matiklw bisa hidupkan bng,lainnya,main
Tunggu dulu hujannya redah ya mba,tunggu dulu hujannya redah ya mba,lainnya,main
"Duh, ternyata harga laptop baru gak beda jauh, gak jadi ya bu",duh ternyata harga laptop baru gak beda jauh gak jadi ya bu,lainnya,main
tetap yg kmrn bg,tetap yg kmrn bg,lainnya,main
Yg ini bg kan nota nya,yg ini bg kan nota nya,lainnya,main
Coba aja kk,coba aja kk,lainnya,main
Okok siap bg,okok siap bg,lainnya,main
Baik bg,baik bg,lainnya,main
"Ok kk, terimakasih ya",ok kk terimakasih ya,lainnya,main
Min laptop nya atas nama Suwardana udah jadi kah min,min laptop nya atas nama suwardana udah jadi kah min,lainnya,main
Baik bang terimakasih,baik bang terimakasih,lainnya,main
kira² jam 3an selesai nd bang,kira jam an selesai nd bang,lainnya,main
Berapa semuanya ongkosnya bang,berapa semuanya ongkosnya bang,lainnya,main
"Soalnya dia klo buka file, atau mau ngetik di word suka loading lama bisa terbuka filenya",soalnya dia klo buka file atau mau ngetik di word suka loading lama bisa terbuka filenya,lainnya,main
gimana bg? udh ada jawaban kh dri teknisi nya,gimana bg udh ada jawaban kh dri teknisi nya,lainnya,main
Maaf bg mau tanya,maaf bg mau tanya,lainnya,main
Habis berapa itu bg klo di total,habis berapa itu bg klo di total,lainnya,main
Jadi emg nd bise sme sekali lh ni ye bang?,jadi emg nd bise sme sekali lh ni ye bang,lainnya,main
assalamualaikum bang.. ini masih ad garansi servis gak? Soalnya laptop saya mati lagi tiba tiba gamau hidup..,assalamualaikum bang ini masih ad garansi servis gak soalnya laptop saya mati lagi tiba tiba gamau hidup,lainnya,main
misi bang,misi bang,lainnya,main
Siapa,siapa,lainnya,main
Baik ditunggu infonya,baik ditunggu infonya,lainnya,main
bise ke abng cek kan lcd nye sekalian,bise ke abng cek kan lcd nye sekalian,lainnya,main
gapapa,gapapa,lainnya,main
"Oalaa, berarti jangan biarkan cas bermalam gitu ya",oalaa berarti jangan biarkan cas bermalam gitu ya,lainnya,main
Ndk ade saye buka agik setelah die pegangnye,ndk ade saye buka agik setelah die pegangnye,lainnya,main
Gmn besok aja saya ke sana mas,gmn besok aja saya ke sana mas,lainnya,main
"Iya mas, dsini kondisi hujan",iya mas dsini kondisi hujan,lainnya,main
"ini saya yang kemarin malam datang yang masalah kursor delay, emng kalau habis di update untuk tingkat kecerahan layar hilang ya kak",ini saya yang kemarin malam datang yang masalah kursor delay emng kalau habis di update untuk tingkat kecerahan layar hilang ya kak,lainnya,main
Jam brpa tutup tokonya bang,jam brpa tutup tokonya bang,lainnya,main
Bearti masalah laptopnya di processor ya,bearti masalah laptopnya di processor ya,lainnya,main
Gimana kondisi nya,gimana kondisi nya,lainnya,main
700 itu udh sama lcd ke belom bang,itu udh sama lcd ke belom bang,lainnya,main
Yg kabel penyambung nye tdik tuu bang,yg kabel penyambung nye tdik tuu bang,lainnya,main
Pas Abang cek SSD nya dak Ade masalah ke bang kemarin,pas abang cek ssd nya dak ade masalah ke bang kemarin,lainnya,main
"Baik, terima kasih rinciannya. Kira-kira proses pengerjaannya memakan waktu berapa lama, ya?",baik terima kasih rinciannya kirakira proses pengerjaannya memakan waktu berapa lama ya,lainnya,external
sip,sip,lainnya,main
pengaturan app nya yang mana bang,pengaturan app nya yang mana bang,lainnya,main
bg kirim no rek,bg kirim no rek,lainnya,main
bole minta no rek ny?,bole minta no rek ny,lainnya,main
"Siang, trimakasih nnti sy ambil🙏🏻",siang trimakasih nnti sy ambil,lainnya,main
sore bentar yaa kak,sore bentar yaa kak,lainnya,main
Bg,bg,lainnya,main
Klau yg baru berapa kak,klau yg baru berapa kak,lainnya,main
bangg,bangg,lainnya,main
Di keluarin aja,di keluarin aja,lainnya,main
"Terimakasihhhh bang, senin yang saya ambilll",terimakasihhhh bang senin yang saya ambilll,lainnya,main
cm mau ambil file aj,cm mau ambil file aj,lainnya,main
Bisa diambil malam ini jam berapa ya paling malam?,bisa diambil malam ini jam berapa ya paling malam,lainnya,main
Iya baik bang,iya baik bang,lainnya,main
Ok makasih infonya,ok makasih infonya,lainnya,main
Betulkan bg atas nama Uray raysa anjiza,betulkan bg atas nama uray raysa anjiza,lainnya,main
"Pagi bang, ini kenapa laptopnya aneh ya? Setiap saya mau ngetik, malah nda bisa",pagi bang ini kenapa laptopnya aneh ya setiap saya mau ngetik malah nda bisa,lainnya,main
Lama sekali ke bang die?,lama sekali ke bang die,lainnya,main
Masalah lain gak ada bang?,masalah lain gak ada bang,lainnya,main
Saya bawa,saya bawa,lainnya,main
"di Sini bisa Jual Laptop Seken,,",di sini bisa jual laptop seken,lainnya,main
Info aja bg kalau ada laptop yg harga 2 juta ya,info aja bg kalau ada laptop yg harga juta ya,lainnya,main
"Sore bang, anugerah komputer kalau malam tutup jam brpa ya?",sore bang anugerah komputer kalau malam tutup jam brpa ya,lainnya,main
"Alah pening kmek ni bg mnde tu orng bajak wa, ngerase menang lh die kalau tau leptop saye ndk bise dipulihkan",alah pening kmek ni bg mnde tu orng bajak wa ngerase menang lh die kalau tau leptop saye ndk bise dipulihkan,lainnya,main
Besok saya coba kesana ya kak,besok saya coba kesana ya kak,lainnya,main
bg hubungi ini ya,bg hubungi ini ya,lainnya,main
ok bg nnt bpk saya yg ambil,ok bg nnt bpk saya yg ambil,lainnya,main
bkn ini laptop yg lain,bkn ini laptop yg lain,lainnya,main
Iya bang,iya bang,lainnya,main
"sbnarnya cma takut hilang file nya, tp klo bsa sklian mau perbaiki juga",sbnarnya cma takut hilang file nya tp klo bsa sklian mau perbaiki juga,lainnya,main
"Bang 
Tutup jam brp toko ny?",bang tutup jam brp toko ny,lainnya,main
"baik, siang ini saya ambil..",baik siang ini saya ambil,lainnya,main
"Permisi bang,ni laptop sinyal nya lemot,trs wifi nya sering tersambung ulang,sering disconnect, padahall wifi saya pake di hp lancar""aja ntar sore bisa kah bang saya bawa laptop nya di sana,buat di seting""biar gak lemot Singal nya",permisi bangni laptop sinyal nya lemottrs wifi nya sering tersambung ulangsering disconnect padahall wifi saya pake di hp lancaraja ntar sore bisa kah bang saya bawa laptop nya di sanabuat di setingbiar gak lemot singal nya,lainnya,main
Permisi,permisi,lainnya,main
nanti malm saya ambil ya bg,nanti malm saya ambil ya bg,lainnya,main
Kk,kk,lainnya,main
Kalau dipakai sambil dicas gimana bang?,kalau dipakai sambil dicas gimana bang,lainnya,main
Bayarnya bisa qris ga?,bayarnya bisa qris ga,lainnya,main
tekan ape ya,tekan ape ya,lainnya,main
waalaikumsalam,waalaikumsalam,lainnya,main
besok udah bisa ambilkan bang,besok udah bisa ambilkan bang,lainnya,main
Bntar yee bang saye kesitu,bntar yee bang saye kesitu,lainnya,main
Ok bg,ok bg,lainnya,main
yg hitam tu bagian kanan nd bs kah bang,yg hitam tu bagian kanan nd bs kah bang,lainnya,main
msih,msih,lainnya,main
bg mau tanya leptop nya udh betul belum,bg mau tanya leptop nya udh betul belum,lainnya,main
"Baik, Tapi malam ini sudah selesaikan pak seperti kesepakatan kita tadi malam ?",baik tapi malam ini sudah selesaikan pak seperti kesepakatan kita tadi malam,lainnya,main
Baik bang,baik bang,lainnya,main
iya kak,iya kak,lainnya,main
terus gimana ya kak?,terus gimana ya kak,lainnya,main
saya mau jual ssd,saya mau jual ssd,lainnya,main
Mungkin besok baru saya bisa ambil🙏🙏,mungkin besok baru saya bisa ambil,lainnya,main
Gimana Progress labtob sekarang bang??,gimana progress labtob sekarang bang,lainnya,main
Sya pikir2 dlu bu,sya pikir dlu bu,lainnya,main
"Sbntr ya, sdh di ayani",sbntr ya sdh di ayani,lainnya,main
500 nda bisa ya,nda bisa ya,lainnya,main
Jam brpa mas kira kira?,jam brpa mas kira kira,lainnya,main
malam masih buka gak,malam masih buka gak,lainnya,main
"Coba di instalkan windows 11 dulu bang, soalnya kata pemilik sebelumnya, sebelum dia reset ke windows 10 tu ga ada masalah",coba di instalkan windows dulu bang soalnya kata pemilik sebelumnya sebelum dia reset ke windows tu ga ada masalah,lainnya,main
"Waalaikumsalam, baik Bang, terimakasih Bang",waalaikumsalam baik bang terimakasih bang,lainnya,main
Sistemnya langsung tunai atau bisa nyicil kak,sistemnya langsung tunai atau bisa nyicil kak,lainnya,main
kira” brp ya bg btlkn ny,kira brp ya bg btlkn ny,lainnya,main
Ade data pdf ga dstu?,ade data pdf ga dstu,lainnya,main
Ok tq,ok tq,lainnya,main
Pagi bang,pagi bang,lainnya,main
Yang positif service yang kecil dulu bg🙏🏻,yang positif service yang kecil dulu bg,lainnya,main
Klo di drive kn bisa ndk bg,klo di drive kn bisa ndk bg,lainnya,main
Itu aja kah bg perbaikannya?,itu aja kah bg perbaikannya,lainnya,main
"saya ambil aja dl bang hr ini, nnt kl udh deal sm papa saya br saya kesana lagi",saya ambil aja dl bang hr ini nnt kl udh deal sm papa saya br saya kesana lagi,lainnya,main
Semoga baik baik saja 🤲😅,semoga baik baik saja,lainnya,main
Terus itu gimna ya bang,terus itu gimna ya bang,lainnya,main
Ok jm 9 ya,ok jm ya,lainnya,main
Iye bang,iye bang,lainnya,main
Ok bng,ok bng,lainnya,main
Ok,ok,lainnya,main
"Siap, malam ya bang.",siap malam ya bang,lainnya,main
min adakah ready laptop yang budgetnye 4-5 jutaan,min adakah ready laptop yang budgetnye jutaan,lainnya,main
Kira–kira kapan bisa diambil bu?,kirakira kapan bisa diambil bu,lainnya,main
Waalaikumsalam,waalaikumsalam,lainnya,main
"selamat malam juga bang, tadi saya udah kasih tau orang tua untuk biayanya. Kata bapak mama saya servicenya ditunda dulu jadi besok siang saya ambil laptopnya di toko",selamat malam juga bang tadi saya udah kasih tau orang tua untuk biayanya kata bapak mama saya servicenya ditunda dulu jadi besok siang saya ambil laptopnya di toko,lainnya,main
tanyak orng nya dlu ya,tanyak orng nya dlu ya,lainnya,main
Yg laptop part gosong. Part nya bagian apa .?,yg laptop part gosong part nya bagian apa,lainnya,main
ok,ok,lainnya,main
saya mau jual laptop,saya mau jual laptop,lainnya,main
sudah buka kah hari ini?,sudah buka kah hari ini,lainnya,main
baik kk,baik kk,lainnya,main
Iya bg kosong local d aja yg di ambil,iya bg kosong local d aja yg di ambil,lainnya,main
Owh Iya Bg,owh iya bg,lainnya,main
Nggak bisa ya berarti,nggak bisa ya berarti,lainnya,main
Siang buka kah,siang buka kah,lainnya,main
Ok,ok,lainnya,main
Nanti infokan saja,nanti infokan saja,lainnya,main
"Waalaikumsalam, tutup jam berapa bang",waalaikumsalam tutup jam berapa bang,lainnya,main
klo gnti brp bg,klo gnti brp bg,lainnya,main
Ok bg,ok bg,lainnya,main
Iye bng,iye bng,lainnya,main
Sore pak. Pasw 123456,sore pak pasw,lainnya,main
Makasi bang,makasi bang,lainnya,main
"Yaudah gpp pak, gak jadi diperbaiki",yaudah gpp pak gak jadi diperbaiki,lainnya,main
Bang untuk pengecas nye tu Ade endk sekalian jual penyambung nye tu,bang untuk pengecas nye tu ade endk sekalian jual penyambung nye tu,lainnya,main
Ini laptop black lagi ya. Bisa di setting lagi. Balik lagi ke awal ne,ini laptop black lagi ya bisa di setting lagi balik lagi ke awal ne,lainnya,main
"Bisa servis kh, pecah suaranya.",bisa servis kh pecah suaranya,lainnya,main
mana loksasi min,mana loksasi min,lainnya,external
bg bise nda ye saye minta instal windows yg lama .. karne saye tak ngerti pake windows yg skrg malah jadi kek gaptek 🥲,bg bise nda ye saye minta instal windows yg lama karne saye tak ngerti pake windows yg skrg malah jadi kek gaptek,lainnya,main
Iye bg😭,iye bg,lainnya,main
besok jak kak,besok jak kak,lainnya,main
Bng laptop ny udh saye antar ye pkai tas batik,bng laptop ny udh saye antar ye pkai tas batik,lainnya,main
Ohh iya baik bang,ohh iya baik bang,lainnya,main
Assalamualaikum warahmatullahi wabarokatuh,assalamualaikum warahmatullahi wabarokatuh,lainnya,main
Yang penting word ny nda bermasalah lg,yang penting word ny nda bermasalah lg,lainnya,main
bang jam berapa tutup ?,bang jam berapa tutup,lainnya,main
besok yaa bang,besok yaa bang,lainnya,main
buka sampai jam brp min,buka sampai jam brp min,lainnya,external
bg ad biaya tambahan gk,bg ad biaya tambahan gk,lainnya,main
Ok,ok,lainnya,main
malam tutup jam berapa ya bang ?,malam tutup jam berapa ya bang,lainnya,main
Duetnya tak cukup bang .,duetnya tak cukup bang,lainnya,main
besok saya ambil ya bang,besok saya ambil ya bang,lainnya,main
frame masih kosong skrang ya bang,frame masih kosong skrang ya bang,lainnya,main
untuk keyboard ny ada yg lain ndak kak,untuk keyboard ny ada yg lain ndak kak,lainnya,main
"Saya ambil ajaa besok bang, maaf ya bangg budget nya belum adaa",saya ambil ajaa besok bang maaf ya bangg budget nya belum adaa,lainnya,main
Ok tq.,ok tq,lainnya,main
"Siang bang, jumatan kah hr ini? Jm brp buka lagi?",siang bang jumatan kah hr ini jm brp buka lagi,lainnya,main
berapa ya kak biaya betulin kaya gitu,berapa ya kak biaya betulin kaya gitu,lainnya,main
Mati lg laptopnya ni bang,mati lg laptopnya ni bang,lainnya,main
kmrn 450 ya bg keyboard ny?,kmrn ya bg keyboard ny,lainnya,main
udah ke bang laptop nya?,udah ke bang laptop nya,lainnya,main
Kalau udh tf nanti saye kirimkan bukti nye bang,kalau udh tf nanti saye kirimkan bukti nye bang,lainnya,main
kira kira jam brapa bisa ambil bang?,kira kira jam brapa bisa ambil bang,lainnya,main
"Mahal gak ye, nd bise kurng ke min",mahal gak ye nd bise kurng ke min,lainnya,external
Iya kah kak gimana persyaratannya,iya kah kak gimana persyaratannya,lainnya,main
Td saye taruh dstu si bg,td saye taruh dstu si bg,lainnya,main
"Masih lelet ngak bg, pas di instal ulang",masih lelet ngak bg pas di instal ulang,lainnya,main
Sepertinya semua bang,sepertinya semua bang,lainnya,main
Sya pikir2 dlu bang,sya pikir dlu bang,lainnya,main
Ok,ok,lainnya,main
Coba sore di cek lagi ya.,coba sore di cek lagi ya,lainnya,main
Acer aspire warna merah,acer aspire warna merah,lainnya,main
keyboard nya,keyboard nya,lainnya,main
permisi kakk,permisi kakk,lainnya,main
Aku ambil aja bang,aku ambil aja bang,lainnya,main
Jadi itu skrg bisa hidup ka bang masih?,jadi itu skrg bisa hidup ka bang masih,lainnya,main
Perkiraan kapan min,perkiraan kapan min,lainnya,main
Soalnya Kalu sore ini masih ad kegiatan,soalnya kalu sore ini masih ad kegiatan,lainnya,main
Iye bang,iye bang,lainnya,main
Besok siang ya bang saya ambil nda pape ke?,besok siang ya bang saya ambil nda pape ke,lainnya,main
Cmn die blg ndk bse,cmn die blg ndk bse,lainnya,main
bg ini kan harganya 600k kan itu apa saja bg komponen di laptopnya yg di perbaiki yg di lcdnya?,bg ini kan harganya k kan itu apa saja bg komponen di laptopnya yg di perbaiki yg di lcdnya,lainnya,main
Bg,bg,lainnya,main
gmn kak?,gmn kak,lainnya,main
"Bg infokan secepatnya ya kpn bisa di ambil, soalnya lgi butuh 🙏",bg infokan secepatnya ya kpn bisa di ambil soalnya lgi butuh,lainnya,main
keyboard ny masih nd bise ke bang,keyboard ny masih nd bise ke bang,lainnya,main
"Untuk LCD nya, ngaruh ngak Bang, klo mau pake laptopnya?",untuk lcd nya ngaruh ngak bang klo mau pake laptopnya,lainnya,main
Bg berapa kemarin harganya ya,bg berapa kemarin harganya ya,lainnya,main
"sip, tolong sekali ye bg 🙏🏻🙏🏻🙏🏻",sip tolong sekali ye bg,lainnya,main
Iyaaa bang nantik saya ambil ya,iyaaa bang nantik saya ambil ya,lainnya,main
Jam 5 saya otw kesana bg,jam saya otw kesana bg,lainnya,main
Iye bang,iye bang,lainnya,main
Yg tak mau ngisik tu.pakai pengecas siapa,yg tak mau ngisik tupakai pengecas siapa,lainnya,main
stlh ini saya ambil ya kk,stlh ini saya ambil ya kk,lainnya,main
Bisa kurang gak bu?,bisa kurang gak bu,lainnya,main
bisa tf kah?,bisa tf kah,lainnya,main
Nanti saya ambil labtob nya,nanti saya ambil labtob nya,lainnya,main
Ye,ye,lainnya,main
Yg ini,yg ini,lainnya,main
"800, bisa nd bang",bisa nd bang,lainnya,external
Usahakan lah minggu sudah selesai bisa gak min,usahakan lah minggu sudah selesai bisa gak min,lainnya,main
Kehapus kayanya,kehapus kayanya,lainnya,main
Besok buka bg ??,besok buka bg,lainnya,main
Bentar lagi otw bang,bentar lagi otw bang,lainnya,main
Selamat Pagi 🙏😊,selamat pagi,lainnya,main
"Terima kasih telah menghubungi kami dengan Ade Saputra Perumahan, membantu masyarakat untuk memiliki perumahan yang di inginkan ya.",terima kasih telah menghubungi kami dengan ade saputra perumahan membantu masyarakat untuk memiliki perumahan yang di inginkan ya,lainnya,main
Okke sore ya,okke sore ya,lainnya,main
Kemungkinan besok atau Senin lah Bg langsung kuliah,kemungkinan besok atau senin lah bg langsung kuliah,lainnya,main
baik pak nanti agak sore saya ambil kesitu,baik pak nanti agak sore saya ambil kesitu,lainnya,main
Soalnya masih lemot skrg,soalnya masih lemot skrg,lainnya,main
iya kak laptop nya yg lenovo thiknpad ya kak atas nama Emil,iya kak laptop nya yg lenovo thiknpad ya kak atas nama emil,lainnya,main
Bise ambil mlm ni kn bg?,bise ambil mlm ni kn bg,lainnya,main
"Alhamdulillah, cepat sekali bg, saya mungkin belum ambilnya bg, nanti pas mau ambil saya kabarin",alhamdulillah cepat sekali bg saya mungkin belum ambilnya bg nanti pas mau ambil saya kabarin,lainnya,main
jadi gmn bg udh di periksa kah laptopnya?,jadi gmn bg udh di periksa kah laptopnya,lainnya,main
Ok,ok,lainnya,main
Garansi endk Bg,garansi endk bg,lainnya,main
habis margrib bise kah kamek ambek e ?,habis margrib bise kah kamek ambek e,lainnya,main
Bise tolong nd bang,bise tolong nd bang,lainnya,main
bang malam bisa kan ambilnya,bang malam bisa kan ambilnya,lainnya,main
ok sya kasi tau orng nya dlu ya,ok sya kasi tau orng nya dlu ya,lainnya,main
sihap,sihap,lainnya,main
ad bang makasih ya,ad bang makasih ya,lainnya,main
Jdi yg disini hilang semua? Benar2 nd ada yg di backup?,jdi yg disini hilang semua benar nd ada yg di backup,lainnya,main
setelah ini ya kk🥲,setelah ini ya kk,lainnya,main
bang bise download apk wa ke bg disinik,bang bise download apk wa ke bg disinik,lainnya,main
Saya belum ambil bg,saya belum ambil bg,lainnya,main
"Mlm kk, mau nnya kk. Laptop yg td kmi antar (dell) atas nama Nauli udh selesai di cek kn kah kk?",mlm kk mau nnya kk laptop yg td kmi antar dell atas nama nauli udh selesai di cek kn kah kk,lainnya,main
brp kira2 biayanya,brp kira biayanya,lainnya,main
"Oh Iya Bang,,",oh iya bang,lainnya,main
Baik bang,baik bang,lainnya,main
Dan masih bisa di pakai sebagai external harddisk kan,dan masih bisa di pakai sebagai external harddisk kan,lainnya,main
jdi total nya brp bg,jdi total nya brp bg,lainnya,main
"oh iyalah bang, terima kasih yaa",oh iyalah bang terima kasih yaa,lainnya,main
Kalu malm bisa diambil ndk bang,kalu malm bisa diambil ndk bang,lainnya,main
laptop maksud saye,laptop maksud saye,lainnya,main
Ok,ok,lainnya,main
Bisa kurang lagi gak kak keyboard sama layarnya,bisa kurang lagi gak kak keyboard sama layarnya,lainnya,main
malam kak,malam kak,lainnya,main
Bang perbaikannya ada garansi engak kata abng saya,bang perbaikannya ada garansi engak kata abng saya,lainnya,main
Knp bang,knp bang,lainnya,main
File hilang nda kak instal nye,file hilang nda kak instal nye,lainnya,main
Ohh oky lah bang,ohh oky lah bang,lainnya,main
Assalamualaikum Toko buka ke bos?,assalamualaikum toko buka ke bos,lainnya,main
Jdi gmne bng,jdi gmne bng,lainnya,main
Terima kasih banyak bg,terima kasih banyak bg,lainnya,main
Besok saya ngambil nya bg,besok saya ngambil nya bg,lainnya,main
Yg ngantarkan tu kawan saye bodo bengak2 ubi,yg ngantarkan tu kawan saye bodo bengak ubi,lainnya,main
Iye bg,iye bg,lainnya,main
bang laptop tadi gaada sandi kan,bang laptop tadi gaada sandi kan,lainnya,main
Saya otw skng bg,saya otw skng bg,lainnya,main
Ndk bsa kek biasanye gtu ke,ndk bsa kek biasanye gtu ke,lainnya,main
Udh bisa diambil bg laptop nya?,udh bisa diambil bg laptop nya,lainnya,main
Brp ye bang DP ny?,brp ye bang dp ny,lainnya,main
Ok bg,ok bg,lainnya,main
Siang. Sore ya bang saya ngambil leptopnya,siang sore ya bang saya ngambil leptopnya,lainnya,main
Bisa kurang gak kak?,bisa kurang gak kak,lainnya,main
itu karna laptopnya panas jg bisa kah bg?,itu karna laptopnya panas jg bisa kah bg,lainnya,main
Data nya ilang ga klo instal ulang?,data nya ilang ga klo instal ulang,lainnya,main
Selamat pagi.. Laptop saya udh di perbaiki kah,selamat pagi laptop saya udh di perbaiki kah,lainnya,main
"Duh, ternyata harga laptop baru gak beda jauh, gak jadi ya bg",duh ternyata harga laptop baru gak beda jauh gak jadi ya bg,lainnya,main
"bang kemarin pas adik saya buka laptop touchpadny gabisa pake,kenapa ya?",bang kemarin pas adik saya buka laptop touchpadny gabisa pakekenapa ya,lainnya,main
kalak la bang insyaallah saye ngambek nye,kalak la bang insyaallah saye ngambek nye,lainnya,main
ini sistemnya tf nanti ya bang? apa tf dulu?,ini sistemnya tf nanti ya bang apa tf dulu,lainnya,main
Malam bg,malam bg,lainnya,main
Kalau di install semua ga hilang kan ? Gada yg hilang gtu,kalau di install semua ga hilang kan gada yg hilang gtu,lainnya,main
nd bise kurang ke bang,nd bise kurang ke bang,lainnya,main
Bang ko labtob nya ga hidup??,bang ko labtob nya ga hidup,lainnya,main
Kalau pake windows 11 masih nda die ye bang,kalau pake windows masih nda die ye bang,lainnya,main
jujur saya bru pertama kli kenak gini bg😭,jujur saya bru pertama kli kenak gini bg,lainnya,main
kena brp bg biaya ny,kena brp bg biaya ny,lainnya,main
"besok saya ambil leptop nya ,hujan kak",besok saya ambil leptop nya hujan kak,lainnya,main
Alaaa bangg,alaaa bangg,lainnya,main
"Oalah ,hri ini sy kesana bg",oalah hri ini sy kesana bg,lainnya,main
gmn maksud ny tu bg?,gmn maksud ny tu bg,lainnya,main
nanti saya ambil,nanti saya ambil,lainnya,main
Sekali no rek ya bang,sekali no rek ya bang,lainnya,main
Jadi harus gmn bang?,jadi harus gmn bang,lainnya,main
"Sore kak, baik terimakasih kak saya konfirmasi dulu ya kak sama orang tua kalau laptopnya sudah selesai",sore kak baik terimakasih kak saya konfirmasi dulu ya kak sama orang tua kalau laptopnya sudah selesai,lainnya,main
tutup JM brp bg,tutup jm brp bg,lainnya,main
"Gak jadi kak, uangnya mau dipake keperluan lain dlu",gak jadi kak uangnya mau dipake keperluan lain dlu,lainnya,main
terimakasih bang🙏🏻,terimakasih bang,lainnya,main
Baik senin berarti sy ambil bg,baik senin berarti sy ambil bg,lainnya,main
Ok terimakasih Bg,ok terimakasih bg,lainnya,main
sya siap siap,sya siap siap,lainnya,main
"Iya kak jadi, penting bisa dipake lagi",iya kak jadi penting bisa dipake lagi,lainnya,main
"Makasih,,",makasih,lainnya,main
"Yaudh bg saya jg ngejar mo pulkam jdi laptop ny saya bawa dlu ya bg untuk biaya cek ny brp kira"" bg",yaudh bg saya jg ngejar mo pulkam jdi laptop ny saya bawa dlu ya bg untuk biaya cek ny brp kira bg,lainnya,main
InsyaAllah besok sy ambil bg,insyaallah besok sy ambil bg,lainnya,main
"lcdnya ga bisa kah kak, untuk tokohnya yg pesankan untuk saya tapi untuk biayanya berapa ya ?",lcdnya ga bisa kah kak untuk tokohnya yg pesankan untuk saya tapi untuk biayanya berapa ya,lainnya,main
"Kalo emng udh nggak bisa dibetulkan biar saya ambil aja, udah lama juga",kalo emng udh nggak bisa dibetulkan biar saya ambil aja udah lama juga,lainnya,main
Masih kosong bg,masih kosong bg,lainnya,main
Baik bang,baik bang,lainnya,main
"Yaudah gpp bu, gak jadi diperbaiki",yaudah gpp bu gak jadi diperbaiki,lainnya,main
Ohhh iyaa lahh bang,ohhh iyaa lahh bang,lainnya,main
Sore bang,sore bang,lainnya,main
Skripsi sih bg,skripsi sih bg,lainnya,main
Terima kasih bang 🙏🏻,terima kasih bang,lainnya,main
siang kak jadi gmn kak laptopnya?,siang kak jadi gmn kak laptopnya,lainnya,main
Ok.. besok saya ambil laptop nya. TRIms 🙏,ok besok saya ambil laptop nya trims,lainnya,main
toko tutup jam brapa yaa,toko tutup jam brapa yaa,lainnya,main
Pagi bg,pagi bg,lainnya,main
Ok,ok,lainnya,main
kalau pakai mouse bisa,kalau pakai mouse bisa,lainnya,main
Klw pengecas berapa bng,klw pengecas berapa bng,lainnya,main
Iya bang,iya bang,lainnya,main
mau coba nanya dulu,mau coba nanya dulu,lainnya,main
kok data” di laptop nya kosong ya bang ?,kok data di laptop nya kosong ya bang,lainnya,main
"Yaudah gpp bg, gak jadi diperbaiki",yaudah gpp bg gak jadi diperbaiki,lainnya,main
berarti udh gak timbul lagi kan,berarti udh gak timbul lagi kan,lainnya,main
Owh sipp bg,owh sipp bg,lainnya,main
Berapa totalnya kak,berapa totalnya kak,lainnya,main
"Siap, ditunggu infonya",siap ditunggu infonya,lainnya,main
Buka setiap hari k bang?,buka setiap hari k bang,lainnya,main
Bang udah di bayar abang saya ya,bang udah di bayar abang saya ya,lainnya,main
Owh iya bang,owh iya bang,lainnya,main
malam ya,malam ya,lainnya,main
Baik bang.. Tutup toko jam brp ya,baik bang tutup toko jam brp ya,lainnya,main
bang pembayaran nya bisa tf ga,bang pembayaran nya bisa tf ga,lainnya,main
apakah ada yg perlu diperbaiki bg?,apakah ada yg perlu diperbaiki bg,lainnya,main
baik,baik,lainnya,main
Tes kak,tes kak,lainnya,main
kak udaa buka belum?,kak udaa buka belum,lainnya,main
kira² laptopnya bisa diambil kapan ya?,kira laptopnya bisa diambil kapan ya,lainnya,main
Siang bg,siang bg,lainnya,main
Ok sipp,ok sipp,lainnya,main
"Waalaikumsalam, biarin jak bg,biayanya trllu besar,nnti klo turun,sy ambil",waalaikumsalam biarin jak bgbiayanya trllu besarnnti klo turunsy ambil,lainnya,main
Kak,kak,lainnya,main
Lama gak perbaikannya min,lama gak perbaikannya min,lainnya,main
Tapi saya usahain malam ini kalau bs,tapi saya usahain malam ini kalau bs,lainnya,main
gaada obeng bng hehe besok saya ksna ya😅,gaada obeng bng hehe besok saya ksna ya,lainnya,main
Wa saye dipake orng yg nd bertangong jwb bg,wa saye dipake orng yg nd bertangong jwb bg,lainnya,main
bise dibenarkan nd bg laptopnye,bise dibenarkan nd bg laptopnye,lainnya,main
Ok,ok,lainnya,main
Gitu ya bang jadi bang lep top nya ndk bisa di betul kan??,gitu ya bang jadi bang lep top nya ndk bisa di betul kan,lainnya,main
Toko buka jam berapa ya?,toko buka jam berapa ya,lainnya,main
Bang,bang,lainnya,main
nanti saya ambil ya,nanti saya ambil ya,lainnya,main
Ok pak makasih,ok pak makasih,lainnya,main
Tmbh itu,tmbh itu,lainnya,main
bg kok laptop nya udh ga idup sma skli,bg kok laptop nya udh ga idup sma skli,lainnya,main
ohh instal laptop kmren brp ya bg,ohh instal laptop kmren brp ya bg,lainnya,main
"Besok saja bisa tidak bang, saya lagi ada urusan, jadi tidak bisa malam ini mengambilnya",besok saja bisa tidak bang saya lagi ada urusan jadi tidak bisa malam ini mengambilnya,lainnya,main
Saya mau cari yg 2 juta,saya mau cari yg juta,lainnya,main
Hallo bg maaf mau tanya laptop yg ini gimna ya? Udah selesai blm ya?,hallo bg maaf mau tanya laptop yg ini gimna ya udah selesai blm ya,lainnya,main
"Bang, kalau misal Nye maseh ngefreeze padahal dah di matikan Intel uhd ye gimane la bang i",bang kalau misal nye maseh ngefreeze padahal dah di matikan intel uhd ye gimane la bang i,lainnya,main
Sama casan lama tu dibalikkan kah?,sama casan lama tu dibalikkan kah,lainnya,main
Ok kpn jadinya,ok kpn jadinya,lainnya,main
Tak bisa kurang LG k,tak bisa kurang lg k,lainnya,main
Selamat siang bg izin bertanya apakah laptop yang harganya 2 juta masih ada,selamat siang bg izin bertanya apakah laptop yang harganya juta masih ada,lainnya,main
Kira–kira kapan bisa diambil bu?,kirakira kapan bisa diambil bu,lainnya,main
"Maaf bang mau tanya, laptop nya gimna ya bg?",maaf bang mau tanya laptop nya gimna ya bg,lainnya,main
bang kalau sama keyboard nya jadi 1 juta ya semua nya ?,bang kalau sama keyboard nya jadi juta ya semua nya,lainnya,main
Permisi bang,permisi bang,lainnya,main
tokooo tutup jam brpaa yaa minn,tokooo tutup jam brpaa yaa minn,lainnya,external
iya kak,iya kak,lainnya,main
Ok makasih,ok makasih,lainnya,main
Ohh iya makasih kak,ohh iya makasih kak,lainnya,main
Malam ini bisa gak kak,malam ini bisa gak kak,lainnya,main
nah klo mislny biar dia ga kepanasan tu gmn bg cara mencegahnya?,nah klo mislny biar dia ga kepanasan tu gmn bg cara mencegahnya,lainnya,main
Mau di jdikn harddisk keluar,mau di jdikn harddisk keluar,lainnya,main
bayarnya bisa transfer nda bang,bayarnya bisa transfer nda bang,lainnya,main
Cman d pencet gtu jk k bng,cman d pencet gtu jk k bng,lainnya,main
Jam 12an saya ambil ya,jam an saya ambil ya,lainnya,main
Baik. Bang,baik bang,lainnya,main
Nanti di ambil lagi hujan,nanti di ambil lagi hujan,lainnya,main
besok ye bang sya ambil,besok ye bang sya ambil,lainnya,main
nda ngelag kan bang,nda ngelag kan bang,lainnya,main
10 ke 11 kmren tu,ke kmren tu,lainnya,main
"halo kak, waktunya berapa hari ya kak kira kira?",halo kak waktunya berapa hari ya kak kira kira,lainnya,main
Bang,bang,lainnya,main
siang sy tnya org rmh dlu y,siang sy tnya org rmh dlu y,lainnya,main
file nya ga ilang kan bang?,file nya ga ilang kan bang,lainnya,main
Bang besok dah bisa di ambil engak? 🙏,bang besok dah bisa di ambil engak,lainnya,main
Udah yaa bg,udah yaa bg,lainnya,main
Bsok bsa ambil ya?,bsok bsa ambil ya,lainnya,main
Jam berape bise ddi ambek,jam berape bise ddi ambek,lainnya,main
Iya bng siap,iya bng siap,lainnya,main
Oh ok lh terimakasih ya Bg,oh ok lh terimakasih ya bg,lainnya,main
Kmren ga bisa di save,kmren ga bisa di save,lainnya,main
Bg apakah sudah bisa di ambil?,bg apakah sudah bisa di ambil,lainnya,main
Udah bise download ke bg,udah bise download ke bg,lainnya,main
Baik bang saya teruskan dulu k abg saya yaa,baik bang saya teruskan dulu k abg saya yaa,lainnya,main
saya benar2 nda ngerti soalnya sama windows 8,saya benar nda ngerti soalnya sama windows,lainnya,main
ok,ok,lainnya,main
kdg di kasur si bg,kdg di kasur si bg,lainnya,main
Bisa ga di aave,bisa ga di aave,lainnya,main
permisi bg,permisi bg,lainnya,main
itu ngaruh ke lcd bang?,itu ngaruh ke lcd bang,lainnya,main
ada biaya tambahan lg kah,ada biaya tambahan lg kah,lainnya,main
maaf kak kepencet,maaf kak kepencet,lainnya,main
abg buka nd yah hari ini saya antar leptop lgi,abg buka nd yah hari ini saya antar leptop lgi,lainnya,main
Pendaftaran nd salah tu name pdfnye,pendaftaran nd salah tu name pdfnye,lainnya,main
Klo gtu gmne la bg,klo gtu gmne la bg,lainnya,main
Bg bisa tf?,bg bisa tf,lainnya,main
die ad qr ny bg,die ad qr ny bg,lainnya,main
"Klo misalnya diperbaiki, budget nya sekitar berapa ya Bg",klo misalnya diperbaiki budget nya sekitar berapa ya bg,lainnya,main
"Duh, ternyata harga laptop baru gak beda jauh, gak jadi ya kak",duh ternyata harga laptop baru gak beda jauh gak jadi ya kak,lainnya,main
Bg,bg,lainnya,main
Saya mau ambil jam 3 an tapi kira kira masih buka ga ya bang?,saya mau ambil jam an tapi kira kira masih buka ga ya bang,lainnya,main
"Mungkin blm  bisa hari ini Sy kesana bg, soalnya masih di kampung",mungkin blm bisa hari ini sy kesana bg soalnya masih di kampung,lainnya,main
Garansi berapa lama?,garansi berapa lama,lainnya,main
buka sampai jam berapa bang,buka sampai jam berapa bang,lainnya,main
tutup jam berape tapinye bang soalnye kamek balek malam,tutup jam berape tapinye bang soalnye kamek balek malam,lainnya,main
bisa nego ga kk,bisa nego ga kk,lainnya,main
kalau masalah tambah ram nya itu berapa ya bang biaya nya ?,kalau masalah tambah ram nya itu berapa ya bang biaya nya,lainnya,main
"rabu udah bisa betul blm bang, soalnya saya mau uts sorenya pake laptop",rabu udah bisa betul blm bang soalnya saya mau uts sorenya pake laptop,lainnya,main
Ok bentar lagi saye kesana,ok bentar lagi saye kesana,lainnya,main
ini udh dg jasa matikan keyboard blm ya?,ini udh dg jasa matikan keyboard blm ya,lainnya,main
Ok,ok,lainnya,main
Klw blh tau jam brp ya tutup nya,klw blh tau jam brp ya tutup nya,lainnya,main
tes,tes,lainnya,main
Ade endk kabel nye jual,ade endk kabel nye jual,lainnya,main
ohh,ohh,lainnya,main
Ndk bng soalnye ndk ngerti lepaskan e gmne,ndk bng soalnye ndk ngerti lepaskan e gmne,lainnya,main
Ok bang,ok bang,lainnya,main
Duittnyaa,duittnyaa,lainnya,main
Di laptop saya gamau,di laptop saya gamau,lainnya,main
gabisa juga bang,gabisa juga bang,lainnya,main
Bang saya ambil hari minggu atau senin ya bang soal ny lagi ndk ada di ponti,bang saya ambil hari minggu atau senin ya bang soal ny lagi ndk ada di ponti,lainnya,main
"Bg, mo tanya laptop saya kira² selesai kapan ye?",bg mo tanya laptop saya kira selesai kapan ye,lainnya,main
Bg waktu itu kan reset leptop kate abg masih bise pulihkan,bg waktu itu kan reset leptop kate abg masih bise pulihkan,lainnya,main
Makasih bg🙏🏻,makasih bg,lainnya,main
min bisa instal spss?,min bisa instal spss,lainnya,main
min blm kah ini?,min blm kah ini,lainnya,main
ok bg,ok bg,lainnya,main
Kalau instal ulang nda hilangkan file’nye bg,kalau instal ulang nda hilangkan filenye bg,lainnya,main
saya kesana ya,saya kesana ya,lainnya,main
bntr ye bang maaf sy tnya ibu sy dlu🙏🏻,bntr ye bang maaf sy tnya ibu sy dlu,lainnya,main
Apa ya kira2 kendalanya bg,apa ya kira kendalanya bg,lainnya,main
iyaa bang konfirmasi lagi yaa,iyaa bang konfirmasi lagi yaa,lainnya,main
"Anda belum memiliki aplikasi myIM3 untuk mengaktifkan perlindungan Anti Spam dan Scam dari SATSPAM+. Harap mendownload aplikasi myIM3 untuk mengaktifkan layanan, tanpa biaya apapun.",anda belum memiliki aplikasi myim untuk mengaktifkan perlindungan anti spam dan scam dari satspam harap mendownload aplikasi myim untuk mengaktifkan layanan tanpa biaya apapun,lainnya,main
bagian mesinnya yang bermasalah apa ya bang?,bagian mesinnya yang bermasalah apa ya bang,lainnya,main
Ok tq besok sy ambil bang,ok tq besok sy ambil bang,lainnya,main
gapapa kh itu di hapus,gapapa kh itu di hapus,lainnya,main
nanti sore saya ambil laptop nya,nanti sore saya ambil laptop nya,lainnya,main
Oh iyalah jam 3 saya ambil..,oh iyalah jam saya ambil,lainnya,main
"Klo untuk cas kadang masuk kadang enggak itu gimana Bang, dr Laptopnya atau casannya yg rusak?",klo untuk cas kadang masuk kadang enggak itu gimana bang dr laptopnya atau casannya yg rusak,lainnya,main
sekarang di coba lgi gamau idup,sekarang di coba lgi gamau idup,lainnya,main
"jadi speker, mesin, keyboard yang di perbaiki ya bang ?",jadi speker mesin keyboard yang di perbaiki ya bang,lainnya,main
laptop udah k bang,laptop udah k bang,lainnya,main
"Alaa bang kenpa nda di bilang kemarin kalau nd bisa, ada beberapa file penting belum di pindah ke D, saya kira backup data semua bisa di pindah ke D🥲",alaa bang kenpa nda di bilang kemarin kalau nd bisa ada beberapa file penting belum di pindah ke d saya kira backup data semua bisa di pindah ke d,lainnya,main
Ok,ok,lainnya,main
Iya bang,iya bang,lainnya,main
bsk ijin sy wa ulang ya bg,bsk ijin sy wa ulang ya bg,lainnya,main
iya bang,iya bang,lainnya,main
Oke bg,oke bg,setuju,main
Okey bg,okey bg,setuju,main
Okey bg bntr lagi saya kesana,okey bg bntr lagi saya kesana,setuju,main
oke nnti saya bawa,oke nnti saya bawa,setuju,main
oke bg,oke bg,setuju,main
oke bg,oke bg,setuju,main
Oke bang,oke bang,setuju,main
Okeey min,okeey min,setuju,main
oalahh oke deh min,oalahh oke deh min,setuju,main
"🔄 *Pesan pengingat agar nomormu aman*

Pastikan pulsa kamu selalu cukup untuk tetap menikmati koneksi IM3. Informasi dan layanan isi ulang pulsa dapat diakses langsung lewat IM3 WhatsApp.

Klik *Isi Pulsa* untuk melanjutkan.",pesan pengingat agar nomormu aman pastikan pulsa kamu selalu cukup untuk tetap menikmati koneksi im informasi dan layanan isi ulang pulsa dapat diakses langsung lewat im whatsapp klik isi pulsa untuk melanjutkan,setuju,main
"🔄 *Pesan pengingat agar nomormu aman*

Pastikan pulsa kamu selalu cukup untuk tetap menikmati koneksi IM3. Informasi dan layanan isi ulang pulsa dapat diakses langsung lewat IM3 WhatsApp.

Klik *Isi Pulsa* untuk melanjutkan.",pesan pengingat agar nomormu aman pastikan pulsa kamu selalu cukup untuk tetap menikmati koneksi im informasi dan layanan isi ulang pulsa dapat diakses langsung lewat im whatsapp klik isi pulsa untuk melanjutkan,setuju,main
oke kak terimakasi,oke kak terimakasi,setuju,main
okey bang terimakasih,okey bang terimakasih,setuju,main
"oke kak, thankyou",oke kak thankyou,setuju,main
kalau boleh tau buka dri jam brp bg?,kalau boleh tau buka dri jam brp bg,setuju,main
Oke bg,oke bg,setuju,main
Sian harapan ke dah ratinye selaing ganti masen,sian harapan ke dah ratinye selaing ganti masen,setuju,main
Oke bang hari ni saya datang ke store,oke bang hari ni saya datang ke store,setuju,main
Oke bang ntar sore saya ke sana,oke bang ntar sore saya ke sana,setuju,main
okey kak,okey kak,setuju,main
oke min,oke min,setuju,main
Oke bang lanjut perbaiki,oke bang lanjut perbaiki,setuju,main
Ooo gitu oke lah bang,ooo gitu oke lah bang,setuju,main
"boleh bang di betulkan aja, prosesnya cepat ga ya kira’?",boleh bang di betulkan aja prosesnya cepat ga ya kira,setuju,main
okee bang,okee bang,setuju,main
oke bang,oke bang,setuju,main
oke,oke,setuju,main
Oke baik Laksanakan,oke baik laksanakan,setuju,main
Oh oke siap laksanakan.,oh oke siap laksanakan,setuju,main
Oke bang,oke bang,setuju,main
"Selamat malam bang maaf sblmnya menganggu, saya mau nanya nih kenapa ya smart gesture scroll 2 fingers d laptop saya jd nda berfungsi ya semenjak di install ulang kemarin, awalnya saya pikir karena laptop saya belum tersambung k internet makanya ada instalan ny blm selesai, tapi setelah kemarin tersambung k internet dan saya cb² lihat di laman pengaturan nya ttp nda bisa berfungsi itu kenapa ya?",selamat malam bang maaf sblmnya menganggu saya mau nanya nih kenapa ya smart gesture scroll fingers d laptop saya jd nda berfungsi ya semenjak di install ulang kemarin awalnya saya pikir karena laptop saya belum tersambung k internet makanya ada instalan ny blm selesai tapi setelah kemarin tersambung k internet dan saya cb lihat di laman pengaturan nya ttp nda bisa berfungsi itu kenapa ya,setuju,main
Oke bg,oke bg,setuju,main
Oke bang saya jemput ke sana,oke bang saya jemput ke sana,setuju,main
oke bg,oke bg,setuju,main
"Oke bang, baru mau dichat padahal",oke bang baru mau dichat padahal,setuju,main
Bedanya di ganti sama servis apa nya bang,bedanya di ganti sama servis apa nya bang,setuju,main
oke bentar ya bang tanya bapak dulu,oke bentar ya bang tanya bapak dulu,setuju,main
kalau ganti keyboard nya berapa bang ?,kalau ganti keyboard nya berapa bang,setuju,main
nanti yaa bang bapak belum on soal nya nanti kamek konfirmasi abang kalau ganti keyboard nya juga,nanti yaa bang bapak belum on soal nya nanti kamek konfirmasi abang kalau ganti keyboard nya juga,setuju,main
"yang bagian mesin sama speker nya saja dulu bang kalau gitu ga buru” sih bang, nanti tunggu bapak on kamek kabarin abang ya, jangan servis dulu gapapa bang siapa tau nanti bapak suruh ganti juga kebybord nya jadi ga sering bongkar pasang",yang bagian mesin sama speker nya saja dulu bang kalau gitu ga buru sih bang nanti tunggu bapak on kamek kabarin abang ya jangan servis dulu gapapa bang siapa tau nanti bapak suruh ganti juga kebybord nya jadi ga sering bongkar pasang,setuju,main
okey bang nanti kamek konfir masi abang ya,okey bang nanti kamek konfir masi abang ya,setuju,main
oke bang boleh bang ganti keyboard nya juga,oke bang boleh bang ganti keyboard nya juga,setuju,main
iya bang besok ngambil nya boleh kah tapi kalau nanti malam uang nya cepat di tf kamek ambil nanti malam bang,iya bang besok ngambil nya boleh kah tapi kalau nanti malam uang nya cepat di tf kamek ambil nanti malam bang,setuju,main
oke bang makasih,oke bang makasih,setuju,main
oke bang,oke bang,setuju,main
bang kamek ambil nya  boleh kah atau sore kamis karna posisi lagi di mempawah bang ambik data lapangan,bang kamek ambil nya boleh kah atau sore kamis karna posisi lagi di mempawah bang ambik data lapangan,setuju,main
oh boleh bang kalau gitu yang penting data nya ga ilang bang,oh boleh bang kalau gitu yang penting data nya ga ilang bang,setuju,main
okey bang maaf ya bang,okey bang maaf ya bang,setuju,main
okey bang besok buka kah bang ? soal nya malam ni kamek balik pnk bang,okey bang besok buka kah bang soal nya malam ni kamek balik pnk bang,setuju,main
okey bang maaf ya bang besok pasti kamek ambil bang,okey bang maaf ya bang besok pasti kamek ambil bang,setuju,main
oke bang,oke bang,setuju,main
okey bang,okey bang,setuju,main
Oke bag,oke bag,setuju,main
Okee bang,okee bang,setuju,main
iyaa boleh bang,iyaa boleh bang,setuju,main
oke sore ya kak,oke sore ya kak,setuju,main
Kalau ganti keyboard brapa kak,kalau ganti keyboard brapa kak,setuju,main
Kalau ganti keyboard lama gak,kalau ganti keyboard lama gak,setuju,main
Ganti ajalah kak sekalian,ganti ajalah kak sekalian,setuju,main
Okeee kk nnti saya ambil leptop nya,okeee kk nnti saya ambil leptop nya,setuju,main
boleh katanya bg,boleh katanya bg,setuju,main
ganti katanya bg,ganti katanya bg,setuju,main
okee,okee,setuju,main
brp total ganti nya bg,brp total ganti nya bg,setuju,main
oke gas bg,oke gas bg,setuju,main
yauda ganti dlu aja bg,yauda ganti dlu aja bg,setuju,main
ganti bg,ganti bg,setuju,main
okee,okee,setuju,main
"Siang, oke",siang oke,setuju,main
Ndk jadi ganti aja kak,ndk jadi ganti aja kak,setuju,main
Salah kak maksudnya jangan ganti,salah kak maksudnya jangan ganti,setuju,main
Makanya saya tidak ganti kak,makanya saya tidak ganti kak,setuju,main
Ganti ssd 128 gak kurang lagi.,ganti ssd gak kurang lagi,setuju,main
Oke bangg,oke bangg,setuju,main
okeii bg,okeii bg,setuju,main
oke bg saya bawa ke sana,oke bg saya bawa ke sana,setuju,main
laptonya udh boleh diambil kah bg,laptonya udh boleh diambil kah bg,setuju,main
soalny tiap saya tinggl bntr laptop tu tibe” blue screen trs file ny tu terapus yg udh saya kerjakan,soalny tiap saya tinggl bntr laptop tu tibe blue screen trs file ny tu terapus yg udh saya kerjakan,setuju,main
oke bg,oke bg,setuju,main
okei bg terimakasih ya,okei bg terimakasih ya,setuju,main
Oke Bg,oke bg,setuju,main
Oke bg malam ya,oke bg malam ya,setuju,main
iyaa okeey,iyaa okeey,setuju,main
Oke bg saye infokan ke ibu saye dlu ye,oke bg saye infokan ke ibu saye dlu ye,setuju,main
Boleh bg,boleh bg,setuju,main
Oke bg info jak nanti ye,oke bg info jak nanti ye,setuju,main
Oke bg,oke bg,setuju,main
Oh oke sebentar ya,oh oke sebentar ya,setuju,main
Oke,oke,setuju,main
okee bangg,okee bangg,setuju,main
"*Program Cegah Stroke*
Jangan sepelekan tekanan darah tinggi berulang lebih dari 130/90mmhg disertai dengan nyeri kepala (migrain berulang) maupun pusing berputar (vertigo) atau ngambang (vertigo central) bila disertai dengan riwayat pandangan gelap atau berkunang kunang atau kesemutan (neuropati) artinya aliran darah ke otak kurang lancar (vertebrobasilar artery sindrome) gejala awal stroke.
Terlebih ada riwayat gula darah tinggi >150mg/dl (diabetes), segera konsultasi. Biaya GRATIS/ Seikhlasnya.",program cegah stroke jangan sepelekan tekanan darah tinggi berulang lebih dari mmhg disertai dengan nyeri kepala migrain berulang maupun pusing berputar vertigo atau ngambang vertigo central bila disertai dengan riwayat pandangan gelap atau berkunang kunang atau kesemutan neuropati artinya aliran darah ke otak kurang lancar vertebrobasilar artery sindrome gejala awal stroke terlebih ada riwayat gula darah tinggi mgdl diabetes segera konsultasi biaya gratis seikhlasnya,setuju,main
"Total semua segitu ya, Boleh. Terimakasih",total semua segitu ya boleh terimakasih,setuju,main
Okeoke,okeoke,setuju,main
agak malaman ya bang sy ngambilnya,agak malaman ya bang sy ngambilnya,setuju,main
"Oke lh bg, tapi itu kira2 matot atau casnya bg yg bermasalah kira2",oke lh bg tapi itu kira matot atau casnya bg yg bermasalah kira,setuju,main
jadi ganti pasta aja,jadi ganti pasta aja,setuju,main
brpaan kira kira gantinya tu bg,brpaan kira kira gantinya tu bg,setuju,main
itu ssdnya upgrade atau ganti yg sama kak,itu ssdnya upgrade atau ganti yg sama kak,setuju,main
oke baik bg,oke baik bg,setuju,main
"okeyy bangg, makasihh banyakk",okeyy bangg makasihh banyakk,setuju,main
okeyy,okeyy,setuju,main
udh tipis tu ap nye ye bg yg tipis klo boleh tau,udh tipis tu ap nye ye bg yg tipis klo boleh tau,setuju,main
klo mau ganti frame berape ye bg,klo mau ganti frame berape ye bg,setuju,main
untuk layarnye aman nd bg? abang udh cobe hidupin belum?,untuk layarnye aman nd bg abang udh cobe hidupin belum,setuju,main
emm oke bg makasi bg,emm oke bg makasi bg,setuju,main
kenak harga brp bang kalo ganti frame depan belakang,kenak harga brp bang kalo ganti frame depan belakang,setuju,main
aman lcd nya kan bang,aman lcd nya kan bang,setuju,main
oke bg makasi mungkin mingdep saye ambek laptopnye bg,oke bg makasi mungkin mingdep saye ambek laptopnye bg,setuju,main
Ganti aja bang,ganti aja bang,setuju,main
okey bang,okey bang,setuju,main
oke ka jam 4/5 ya saya ambil,oke ka jam ya saya ambil,setuju,main
boleh bang,boleh bang,setuju,main
"Waalaikumsallam bg, kalau ganti hardisk apakah file’dilaptop nya hilang bg",waalaikumsallam bg kalau ganti hardisk apakah filedilaptop nya hilang bg,setuju,main
Okei bg saya tanya orng rumah dulu nnti saya kabari lagii,okei bg saya tanya orng rumah dulu nnti saya kabari lagii,setuju,main
Iya bolehh bg instal ulang aja,iya bolehh bg instal ulang aja,setuju,main
Diskon dikit boleh pak?,diskon dikit boleh pak,setuju,main
Laptop nya boleh diambil kapan kak?,laptop nya boleh diambil kapan kak,setuju,main
Diskon dikit boleh bg?,diskon dikit boleh bg,setuju,main
"Ok sip, lanjut ganti nya bu",ok sip lanjut ganti nya bu,setuju,main
Diskon dikit boleh bang?,diskon dikit boleh bang,setuju,main
Diskon dikit boleh bg?,diskon dikit boleh bg,setuju,main
"Oke pak, jadi diperbaiki",oke pak jadi diperbaiki,setuju,main
Laptop nya boleh diambil kapan bu?,laptop nya boleh diambil kapan bu,setuju,main
"Ok sip, lanjut ganti nya kak",ok sip lanjut ganti nya kak,setuju,main
Diskon dikit boleh bu?,diskon dikit boleh bu,setuju,main
Diskon dikit boleh bg?,diskon dikit boleh bg,setuju,main
Laptop nya boleh diambil kapan bg?,laptop nya boleh diambil kapan bg,setuju,main
"Oke pak, jadi diperbaiki",oke pak jadi diperbaiki,setuju,main
"Boleh, kapan bisa selesai bu",boleh kapan bisa selesai bu,setuju,main
Laptop nya boleh diambil kapan bu?,laptop nya boleh diambil kapan bu,setuju,main
Laptop nya boleh diambil kapan bang?,laptop nya boleh diambil kapan bang,setuju,main
Diskon dikit boleh bu?,diskon dikit boleh bu,setuju,main
Diskon dikit boleh kak?,diskon dikit boleh kak,setuju,main
Laptop nya boleh diambil kapan kak?,laptop nya boleh diambil kapan kak,setuju,main
Diskon dikit boleh kak?,diskon dikit boleh kak,setuju,main
"Oke kak, jadi diperbaiki",oke kak jadi diperbaiki,setuju,main
Diskon dikit boleh bu?,diskon dikit boleh bu,setuju,main
"Ok sip, lanjut ganti nya bu",ok sip lanjut ganti nya bu,setuju,main
Diskon dikit boleh bg?,diskon dikit boleh bg,setuju,main
Laptop nya boleh diambil kapan bg?,laptop nya boleh diambil kapan bg,setuju,main
Laptop nya boleh diambil kapan kak?,laptop nya boleh diambil kapan kak,setuju,main
Boleh di tf,boleh di tf,setuju,main
"siang kak, mau tanya ganti baterai laptop dell inspiron 5405 bs ga ya",siang kak mau tanya ganti baterai laptop dell inspiron bs ga ya,setuju,main
okeii boleh yaa kak,okeii boleh yaa kak,setuju,main
tolong sampe bisa nyaman aman sentosa yaa kak🙏🏻,tolong sampe bisa nyaman aman sentosa yaa kak,setuju,main
"okei kak, besok kalo udh selesai.
Kabarin aja yaa kak, Terima Kasih",okei kak besok kalo udh selesai kabarin aja yaa kak terima kasih,setuju,main
"okei kak, nanti saya ambil kesitu yaa",okei kak nanti saya ambil kesitu yaa,setuju,main
Oke bang,oke bang,setuju,main
okey kak,okey kak,setuju,main
"soalnya kmrn pan juga kosong di tokoh nya cuman dipesankan sm storenya, sy pernah ganti pan nya di store kk",soalnya kmrn pan juga kosong di tokoh nya cuman dipesankan sm storenya sy pernah ganti pan nya di store kk,setuju,main
okey kak infokan saja ya,okey kak infokan saja ya,setuju,main
okey kak,okey kak,setuju,main
soalnya mau ngasih tau ortu kan ini diperbaiki jg yg layar hitamnya kan yg ga bisa tampil dn  ga diganti lcd yg baru jadi biar tau apa aja gt yg di ganti,soalnya mau ngasih tau ortu kan ini diperbaiki jg yg layar hitamnya kan yg ga bisa tampil dn ga diganti lcd yg baru jadi biar tau apa aja gt yg di ganti,setuju,main
"ooh oke"" kak perbaiki saja ya disitu nanti kl udh selesai kabarin",ooh oke kak perbaiki saja ya disitu nanti kl udh selesai kabarin,setuju,main
okey kak infokn kl sudah selesai diperbaiki,okey kak infokn kl sudah selesai diperbaiki,setuju,main
oke bg nanti diambil,oke bg nanti diambil,setuju,main
Waalaikumsalam oke bang,waalaikumsalam oke bang,setuju,main
soalnya cuman buat tugas jaa bang,soalnya cuman buat tugas jaa bang,setuju,main
okee mksih bang harganya sama atau beda bang,okee mksih bang harganya sama atau beda bang,setuju,main
okee makasihhh banggg,okee makasihhh banggg,setuju,main
Oke bang,oke bang,setuju,main
Oke bang,oke bang,setuju,main
okes siap bang,okes siap bang,setuju,main
Waalaikumussalam oke bang,waalaikumussalam oke bang,setuju,main
Oke bang,oke bang,setuju,main
Okee maksh bang nnti saye ambil,okee maksh bang nnti saye ambil,setuju,main
Okee kak saya ambil di hari jumat ya kak,okee kak saya ambil di hari jumat ya kak,setuju,main
Okee kak makasih infonya,okee kak makasih infonya,setuju,main
"Okela bang
Nnti saye kesitu klw udh nd ujan",okela bang nnti saye kesitu klw udh nd ujan,setuju,main
"Okela bang nanti saya pikirkan dulu 
Klo laptopnya disiitu dulu ndk apa kan bang?",okela bang nanti saya pikirkan dulu klo laptopnya disiitu dulu ndk apa kan bang,setuju,main
Oke bang,oke bang,setuju,main
Oke bang,oke bang,setuju,main
"Okey bang, ntar sore sye ambill",okey bang ntar sore sye ambill,setuju,main
Okee bang,okee bang,setuju,main
oke bang diambil mlm ini aja,oke bang diambil mlm ini aja,setuju,main
Oke gpp mas,oke gpp mas,setuju,main
Oke gppa mas,oke gppa mas,setuju,main
Oke makasih mas,oke makasih mas,setuju,main
"Waalaikumsalam, Oke nanti saya ke sana",waalaikumsalam oke nanti saya ke sana,setuju,main
Oke boleh kak lnjutkan,oke boleh kak lnjutkan,setuju,main
Iya kak lanjutkan 🙏🏻,iya kak lanjutkan,setuju,main
Oke kak info jak,oke kak info jak,setuju,main
"oke bang, intinya dak ke tekan"" sendiri",oke bang intinya dak ke tekan sendiri,setuju,main
oke ka tar ya balik ngampus,oke ka tar ya balik ngampus,setuju,main
Okeee kak,okeee kak,setuju,main
Okee kak,okee kak,setuju,main
Okee bangg,okee bangg,setuju,main
Okee bg,okee bg,setuju,main
oke kk bsk yaa,oke kk bsk yaa,setuju,main
"oke bang, agak sore nanti ya bang soalnya lagi kegiatan di luar",oke bang agak sore nanti ya bang soalnya lagi kegiatan di luar,setuju,main
boleh bang,boleh bang,setuju,main
oke bang,oke bang,setuju,main
"oke bang, nanti sore saya kesana",oke bang nanti sore saya kesana,setuju,main
Kalo boleh tau bang kalo semisalnya bongkar biayanya berapa ya bng? Apakah nambah,kalo boleh tau bang kalo semisalnya bongkar biayanya berapa ya bng apakah nambah,setuju,main
Boleh bang,boleh bang,setuju,main
"Boleh kah saya ketempat Abg lagi mastikanya, soalnya ndk bisa hidup ni laptopnya",boleh kah saya ketempat abg lagi mastikanya soalnya ndk bisa hidup ni laptopnya,setuju,main
Kalo boleh tau apa masalah dalam labtob tu ya  bang? Lupa saya bng,kalo boleh tau apa masalah dalam labtob tu ya bang lupa saya bng,setuju,main
"Oke, besok pagi saya ambil",oke besok pagi saya ambil,setuju,main
Data aman kah min,data aman kah min,setuju,main
"Oke, Thankyou",oke thankyou,setuju,main
Oo gtu ya oke la bg..upgrade lagi aja la bg ke wd 11,oo gtu ya oke la bgupgrade lagi aja la bg ke wd,setuju,main
Oke la bg,oke la bg,setuju,main
Bg boleh liatkn di document nd bg?,bg boleh liatkn di document nd bg,setuju,main
Ha boleh nd kirim ke saye atau simpan ke data d bg ye,ha boleh nd kirim ke saye atau simpan ke data d bg ye,setuju,main
Okee makasii bg,okee makasii bg,setuju,main
Waalaikumussalam oke bang,waalaikumussalam oke bang,setuju,main
Okee bg,okee bg,setuju,main
Okelah bg,okelah bg,setuju,main
Okey bang,okey bang,setuju,main
Okey bang,okey bang,setuju,main
Okey bg,okey bg,setuju,main
Boleh krim norek nya nda,boleh krim norek nya nda,setuju,main
berarti harus di ganti keyboard ny dlu baru bisa di instal ulang kak,berarti harus di ganti keyboard ny dlu baru bisa di instal ulang kak,setuju,main
Oke sip bg terimakasih infonya,oke sip bg terimakasih infonya,setuju,main
aman kan bang?,aman kan bang,setuju,main
okeey,okeey,setuju,main
okeyy bang,okeyy bang,setuju,main
"maaf bang br lihat, kalo ganti hard disk aja gimana bang",maaf bang br lihat kalo ganti hard disk aja gimana bang,setuju,main
oke sep bang,oke sep bang,setuju,main
Ok lh bang.yg pnting aman,ok lh bangyg pnting aman,setuju,main
Udah aman semua yg lain tu bng,udah aman semua yg lain tu bng,setuju,main
"bang, kalau ganti batrai brp-an ya?",bang kalau ganti batrai brpan ya,setuju,main
Oke bang,oke bang,setuju,main
okee bang,okee bang,setuju,main
oke bang,oke bang,setuju,main
Oke bg,oke bg,setuju,main
Okei bg,okei bg,setuju,main
okeyy,okeyy,setuju,main
Oke bang,oke bang,setuju,main
Boleh bang,boleh bang,setuju,main
Oke bang,oke bang,setuju,main
Boleh video in endk bang,boleh video in endk bang,setuju,main
Oke bang besok saya ambil,oke bang besok saya ambil,setuju,main
Oke bang,oke bang,setuju,main
Oke bang,oke bang,setuju,main
okeyy baik kak,okeyy baik kak,setuju,main
iya kak lanjut,iya kak lanjut,setuju,main
kak boleh minta tolong copotkan ssd penyimpanan nggak? saya mau ambil laptop nya sekarang,kak boleh minta tolong copotkan ssd penyimpanan nggak saya mau ambil laptop nya sekarang,setuju,main
okey makasih kak,okey makasih kak,setuju,main
Ohh okee bang?,ohh okee bang,setuju,main
Okee bang,okee bang,setuju,main
"Okee kak, kabarin aja nnti ya bg",okee kak kabarin aja nnti ya bg,setuju,main
Ohh okee bang,ohh okee bang,setuju,main
Ohh oke bang,ohh oke bang,setuju,main
okey bg bntr lagi otw,okey bg bntr lagi otw,setuju,main
"Owalah, gitu berarti harus ganti baterai ya kak ?",owalah gitu berarti harus ganti baterai ya kak,setuju,main
Oke kak kalo gitu brarti masi bisa di pakai normal walau tanpa baterai ya yg penting sambil di charger👌,oke kak kalo gitu brarti masi bisa di pakai normal walau tanpa baterai ya yg penting sambil di charger,setuju,main
"Oke kak nanti saya kabarin lagi masi mau nyari-nyari laptop secund soalnya, sama mau nabung dulu 🙏",oke kak nanti saya kabarin lagi masi mau nyarinyari laptop secund soalnya sama mau nabung dulu,setuju,main
Siiip oke makasi kak,siiip oke makasi kak,setuju,main
oke bang,oke bang,setuju,main
bang kalau ganti touchpad tu brp?,bang kalau ganti touchpad tu brp,setuju,main
oke bang,oke bang,setuju,main
"oke bang, tutup jam brapa",oke bang tutup jam brapa,setuju,main
okee,okee,setuju,main
Oke siap bang sore atau Maghrib saye ke sana,oke siap bang sore atau maghrib saye ke sana,setuju,main
Okey bang bentar lagi di ambil,okey bang bentar lagi di ambil,setuju,main
Oke kk,oke kk,setuju,main
Jadi aman kah kak?,jadi aman kah kak,setuju,main
oke bang,oke bang,setuju,main
Oke bang nnti sore saya ambil,oke bang nnti sore saya ambil,setuju,main
Oke... Ditunggu info lanjutan. Setelah cek ulang. TRIms 🙏,oke ditunggu info lanjutan setelah cek ulang trims,setuju,main
"Selamat pagii .. update kondisi laptop Lenovo yg saya titip kemarin.? Apakah bisa diperbaiki atau ada part yg hrs ganti?

TRIms 🙏",selamat pagii update kondisi laptop lenovo yg saya titip kemarin apakah bisa diperbaiki atau ada part yg hrs ganti trims,setuju,main
Utk LCD touchscreen mungkin tak apalah tak bisa diperbaiki atau diganti LCD nya,utk lcd touchscreen mungkin tak apalah tak bisa diperbaiki atau diganti lcd nya,setuju,main
Ok.info lanjutan ditunggu. Trims,okinfo lanjutan ditunggu trims,setuju,main
oke bang,oke bang,setuju,main
oke bang,oke bang,setuju,main
oke bang beso ya saya ambilnya,oke bang beso ya saya ambilnya,setuju,main
lcd aman ke bang,lcd aman ke bang,setuju,main
okee lanjutkan service nya bang kalau udah selesai konfirmasi yaa,okee lanjutkan service nya bang kalau udah selesai konfirmasi yaa,setuju,main
"siang.
okei nanti saya ambil",siang okei nanti saya ambil,setuju,main
file aman ndaa bang?,file aman ndaa bang,setuju,main
okelaa bang,okelaa bang,setuju,main
Okeyy bg besok jak ya saya ambil,okeyy bg besok jak ya saya ambil,setuju,main
okeee,okeee,setuju,main
Oke,oke,setuju,main
Ganti mesin atau gimana bg?,ganti mesin atau gimana bg,setuju,main
"Oke bg, ntr saya nanya ortu dulu ya bg",oke bg ntr saya nanya ortu dulu ya bg,setuju,main
Oke ntr saya tanya ortu dulu ya bg,oke ntr saya tanya ortu dulu ya bg,setuju,main
Bg ada garansinya nda ya kalau udah ganti frame,bg ada garansinya nda ya kalau udah ganti frame,setuju,main
Boleh bg,boleh bg,setuju,main
Oke bang,oke bang,setuju,main
oke,oke,setuju,main
Boleh,boleh,setuju,main
Okey bg,okey bg,setuju,main
"Oke"". Toko tutup jam berape ?",oke toko tutup jam berape,setuju,main
Oke bg. Bentar lagi saya kesana,oke bg bentar lagi saya kesana,setuju,main
oke besok saye kesana bang,oke besok saye kesana bang,setuju,main
okee bang,okee bang,setuju,main
Boleh Bg,boleh bg,setuju,main
Oh boleh lh Bg,oh boleh lh bg,setuju,main
Boleh bg ndk ape,boleh bg ndk ape,setuju,main
Okee,okee,setuju,main
Oke bg,oke bg,setuju,main
Oke bg sudah bsa,oke bg sudah bsa,setuju,main
okee kk entar saya ambil,okee kk entar saya ambil,setuju,main
OOO iyalah boleh di instal ulang aja,ooo iyalah boleh di instal ulang aja,setuju,main
Oke bang,oke bang,setuju,main
Okeei,okeei,setuju,main
Kalo SSD berapa ya bang? Dan misal diganti SSD nya apakah ga lemot lagi?,kalo ssd berapa ya bang dan misal diganti ssd nya apakah ga lemot lagi,setuju,main
Laptop waktu itu bang yg downgrade ke windows 8 sama ganti keyboard,laptop waktu itu bang yg downgrade ke windows sama ganti keyboard,setuju,main
Oh oke boleh bg,oh oke boleh bg,setuju,main
Okee aman,okee aman,setuju,main
Bisa d kerjakan mlm ini lngsung kalo ad teknisinya ?,bisa d kerjakan mlm ini lngsung kalo ad teknisinya,setuju,main
"Yg abg blg kmren kalau lptop sy bnyak karatanny, gmn tu bng ?
Aman k kalo udh ganti mesinnya?",yg abg blg kmren kalau lptop sy bnyak karatanny gmn tu bng aman k kalo udh ganti mesinnya,setuju,main
"Okedeh
Besok sy antar lptopny bng",okedeh besok sy antar lptopny bng,setuju,main
oala oke kak besok saya antar laptop ya,oala oke kak besok saya antar laptop ya,setuju,main
Okee min,okee min,setuju,main
okee bang,okee bang,setuju,main
"oke bang, nda ad masalah lain kan?",oke bang nda ad masalah lain kan,setuju,main
"Wa'alaikumussalam, oke bang",waalaikumussalam oke bang,setuju,main
Oke bg saya lagi ga bisa ambil simpan kan dulu gapapa?,oke bg saya lagi ga bisa ambil simpan kan dulu gapapa,setuju,main
Oke bg terima kasih ya,oke bg terima kasih ya,setuju,main
Oke bg,oke bg,setuju,main
"oke bg, bentar ya",oke bg bentar ya,setuju,main
"waalaikumsalam, okee bang nanti saya ambil yaa",waalaikumsalam okee bang nanti saya ambil yaa,setuju,main
Boleh bang,boleh bang,setuju,main
Boleh bang,boleh bang,setuju,main
"Iya bang, asal datanya masih aman",iya bang asal datanya masih aman,setuju,main
"Misalnya LCD diperbaiki/ganti, biayanya berapa Bang",misalnya lcd diperbaikiganti biayanya berapa bang,setuju,main
Bang saya ganti touchpad dg beli casannya saja .. Bearti totalnya semuanya 450.000  sama perbaikannya? Atau berapa Bang?,bang saya ganti touchpad dg beli casannya saja bearti totalnya semuanya sama perbaikannya atau berapa bang,setuju,main
Owh ok.. Ganti itu saja Bang,owh ok ganti itu saja bang,setuju,main
"Klo ganti gimana bg, bayar lg atau gimana",klo ganti gimana bg bayar lg atau gimana,setuju,main
Boleh bg.,boleh bg,setuju,main
Ok bg. Boleh,ok bg boleh,setuju,main
Boleh bg. Nanti klo sudah selesai infokn saja,boleh bg nanti klo sudah selesai infokn saja,setuju,main
"Boleh tu bang, kena berapa kira kira?",boleh tu bang kena berapa kira kira,setuju,main
Ok boleh bang,ok boleh bang,setuju,main
Yang kipas aman bg,yang kipas aman bg,setuju,main
layarnya aman kn bang,layarnya aman kn bang,setuju,main
okey bang,okey bang,setuju,main
"oke bang, buka sampe jam berapa bg",oke bang buka sampe jam berapa bg,setuju,main
okey bang makasih banyak🙏🏻,okey bang makasih banyak,setuju,main
okey makasih banyak bang🙏🏻🧎‍♀️,okey makasih banyak bang,setuju,main
okey habis magrib sya ke kesana ya🙏🏻,okey habis magrib sya ke kesana ya,setuju,main
sya ada deadline tugas besok😞,sya ada deadline tugas besok,setuju,main
ha bolehkah seperti itu,ha bolehkah seperti itu,setuju,main
okey habis magrib sya kesana ya makasih banyak bg🙏🏻,okey habis magrib sya kesana ya makasih banyak bg,setuju,main
okelah bang makasih banyak🙏🏻,okelah bang makasih banyak,setuju,main
sudah aman kh itu bang,sudah aman kh itu bang,setuju,main
okey nanti saya kesana,okey nanti saya kesana,setuju,main
okey jam 7an sya kesana,okey jam an sya kesana,setuju,main
Oke bang,oke bang,setuju,main
Okee bang,okee bang,setuju,main
"Oke siap bang, makasih bang",oke siap bang makasih bang,setuju,main
"Okee bang, aman, makasih bang",okee bang aman makasih bang,setuju,main
"Lupa nanya kmrn, klu ganti speaker laptop yg kmrn brp.",lupa nanya kmrn klu ganti speaker laptop yg kmrn brp,setuju,main
"Owh iya bang boleh
Mau nnyk bang apa ad garansi nya?",owh iya bang boleh mau nnyk bang apa ad garansi nya,setuju,main
Okeee,okeee,setuju,main
"Owh oke bang 
Kemungkinan bsk saya ambil lep top nya",owh oke bang kemungkinan bsk saya ambil lep top nya,setuju,main
Klo ssd yg bermasalah itu mau di ganti ap gmn bg,klo ssd yg bermasalah itu mau di ganti ap gmn bg,setuju,main
Oke bg nanti laptop ny saya ambil ke toko,oke bg nanti laptop ny saya ambil ke toko,setuju,main
"Oke bang, nanti saya ambil ya",oke bang nanti saya ambil ya,setuju,main
Oke,oke,setuju,main
"Bang, saya mau upgrade Wi-Fi card laptop ASUS TUF FX505DD ke Intel Wi-Fi 6 AX200
Mau ganti Qualcomm Atheros QCA9377 ke Intel AX200 NGW M.2 2230.",bang saya mau upgrade wifi card laptop asus tuf fxdd ke intel wifi ax mau ganti qualcomm atheros qca ke intel ax ngw m,setuju,main
sama bersihin kipas dn ganti thermal paste,sama bersihin kipas dn ganti thermal paste,setuju,main
oke bang,oke bang,setuju,main
ganti thermal paste dn bersihin kipas brp bg,ganti thermal paste dn bersihin kipas brp bg,setuju,main
oke bg,oke bg,setuju,main
Pengecas nya aman kah bg?,pengecas nya aman kah bg,setuju,main
"Boleh bg, ganti aja bg",boleh bg ganti aja bg,setuju,main
Oke bg,oke bg,setuju,main
"Wa'alaikum salam wr.wb
Okee bg. Saya infokan kalau mau ambil bg",waalaikum salam wrwb okee bg saya infokan kalau mau ambil bg,setuju,main
"Okee, aman ya bg. Batrai aja berarti",okee aman ya bg batrai aja berarti,setuju,main
ohh oke bang untuk harga berapa ya bang,ohh oke bang untuk harga berapa ya bang,setuju,main
Oke,oke,setuju,main
Besok Jak bah boleh dk saye ambilnya,besok jak bah boleh dk saye ambilnya,setuju,main
"Oke bang, terima kasih",oke bang terima kasih,setuju,main
"Malam bang, apakah laptopnya sudah selesai dikerjakan dan dapat diambil?",malam bang apakah laptopnya sudah selesai dikerjakan dan dapat diambil,setuju,main
"Malam bang, tadi lupa nanya.. untuk selanjutnya agar baterainya tahan lama dan nda rusak lagi gimana ya pemeliharannya?",malam bang tadi lupa nanya untuk selanjutnya agar baterainya tahan lama dan nda rusak lagi gimana ya pemeliharannya,setuju,main
"Ohh oke bang, terima kasih!",ohh oke bang terima kasih,setuju,main
"Iya bang, untuk sekarang emang baterai nya aman, keyboard nya ja ni, kemarin pun nda ada cek2 lain kan ya selain baterai",iya bang untuk sekarang emang baterai nya aman keyboard nya ja ni kemarin pun nda ada cek lain kan ya selain baterai,setuju,main
"Oke bang, siang ini saya bawa ke toko",oke bang siang ini saya bawa ke toko,setuju,main
Semoge jak aman terus setelah ini,semoge jak aman terus setelah ini,setuju,main
Kok bse ganti ganti agi bng,kok bse ganti ganti agi bng,setuju,main
"oke bang, nanti saya ambil sore",oke bang nanti saya ambil sore,setuju,main
Okee,okee,setuju,main
oke,oke,setuju,main
Oke bang,oke bang,setuju,main
okee bang,okee bang,setuju,main
okee bang,okee bang,setuju,main
"Okee bang, bentar lg ambil",okee bang bentar lg ambil,setuju,main
"Oke bg terimakasih
Nnti saya ambl laptop nya",oke bg terimakasih nnti saya ambl laptop nya,setuju,main
okey bang,okey bang,setuju,main
"assalamualaikum kak, laptop saya lenovo ada-v14, 5 hari lalu ketumpahan air disekitar keyboard esc, 1, 2 3 sampai tombol power. hari ini muncul garis garis di bawah, kira kira ini ganti lcd berapa ya kak?",assalamualaikum kak laptop saya lenovo adav hari lalu ketumpahan air disekitar keyboard esc sampai tombol power hari ini muncul garis garis di bawah kira kira ini ganti lcd berapa ya kak,setuju,main
"keyboard aman sih kak, masih work semua
itu lcdnya IPS atau bukan kak?",keyboard aman sih kak masih work semua itu lcdnya ips atau bukan kak,setuju,main
Oke bang,oke bang,setuju,main
Oke,oke,setuju,main
"Okee,sebentr lagi saya ambil ya",okeesebentr lagi saya ambil ya,setuju,main
"Bg balek sye dri mall jk ye sye ambek nye,mau buat tugas lain dlu soal nya",bg balek sye dri mall jk ye sye ambek nyemau buat tugas lain dlu soal nya,setuju,main
"setuju kak, btw bisa nego lagi gak kak?☺️",setuju kak btw bisa nego lagi gak kak,setuju,external
Oke setuju,oke setuju,setuju,external
oke siap bang,oke siap bang,setuju,external
setuju,setuju,setuju,external
okeh bg,okeh bg,setuju,external
Bolehhh minnn,bolehhh minnn,setuju,external
s7 min,s min,setuju,external
"gass kan yak kak, saye nak make cepat bah soalnye",gass kan yak kak saye nak make cepat bah soalnye,setuju,external
"Aok bang, tapi bise dikerjekan hari itok ke?",aok bang tapi bise dikerjekan hari itok ke,setuju,external
"boleh tuh bang santai jak lok, besok saye ambek",boleh tuh bang santai jak lok besok saye ambek,setuju,external
"Okeee min, Inpo klo udah",okeee min inpo klo udah,setuju,external
oke bg nanti inpokan kalo udah ye,oke bg nanti inpokan kalo udah ye,setuju,external
gass jak minn,gass jak minn,setuju,external
okeyy bg,okeyy bg,setuju,external
Untuk selanjutnya infokan saja,untuk selanjutnya infokan saja,setuju,external
Okee deh kalau gitu sekalian besok siang jak lah bang,okee deh kalau gitu sekalian besok siang jak lah bang,setuju,external
boleh bang gausah nambah aja bang,boleh bang gausah nambah aja bang,setuju,external
"Oke, perkiraan selesai perbaikannya berapa lama ya ?",oke perkiraan selesai perbaikannya berapa lama ya,setuju,external
Boleh bg,boleh bg,setuju,external
Bolehla bg. Brrti service mesin sma gnti btrai ya bg,bolehla bg brrti service mesin sma gnti btrai ya bg,setuju,external
Ooh iyalah bg gpp. Yg penting laptop beres,ooh iyalah bg gpp yg penting laptop beres,setuju,external
Gaskak. Info jak ye kak kalau udah,gaskak info jak ye kak kalau udah,setuju,external
"Sya konsul dlu sama ortu, ternyata gak dibolehin, batal pak",sya konsul dlu sama ortu ternyata gak dibolehin batal pak,batal,main
"Coba tanya temen dlu ya pak, mahal jg tnyata",coba tanya temen dlu ya pak mahal jg tnyata,batal,main
"Wah diluar budget pak, batal ya",wah diluar budget pak batal ya,batal,main
"Budget sya gak nyampe segitu pak, batal aja lah",budget sya gak nyampe segitu pak batal aja lah,batal,main
"Sya konsul dlu sama ortu, ternyata gak dibolehin, batal kak",sya konsul dlu sama ortu ternyata gak dibolehin batal kak,batal,main
"Kemahalan e bang, sya coba tempat lain dulu",kemahalan e bang sya coba tempat lain dulu,batal,main
"Budget sya gak nyampe segitu bang, batal aja lah",budget sya gak nyampe segitu bang batal aja lah,batal,main
"Sya konsul dlu sama ortu, ternyata gak dibolehin, batal bang",sya konsul dlu sama ortu ternyata gak dibolehin batal bang,batal,main
"Budget sya gak nyampe segitu bg, batal aja lah",budget sya gak nyampe segitu bg batal aja lah,batal,main
"Coba tanya temen dlu ya bang, mahal jg tnyata",coba tanya temen dlu ya bang mahal jg tnyata,batal,main
"Coba tanya temen dlu ya bu, mahal jg tnyata",coba tanya temen dlu ya bu mahal jg tnyata,batal,main
"Mahal amat bu, kurangin dong",mahal amat bu kurangin dong,batal,main
"Waduh mahal ya bu, gak jadi dulu deh",waduh mahal ya bu gak jadi dulu deh,batal,main
"Kemahalan e bg, sya coba tempat lain dulu",kemahalan e bg sya coba tempat lain dulu,batal,main
"Sya konsul dlu sama ortu, ternyata gak dibolehin, batal bang",sya konsul dlu sama ortu ternyata gak dibolehin batal bang,batal,main
"Mahal amat kak, kurangin dong",mahal amat kak kurangin dong,batal,main
"Sya konsul dlu sama ortu, ternyata gak dibolehin, batal kak",sya konsul dlu sama ortu ternyata gak dibolehin batal kak,batal,main
"Mahal amat bang, kurangin dong",mahal amat bang kurangin dong,batal,main
"Mahal amat bu, kurangin dong",mahal amat bu kurangin dong,batal,main
"Budget sya gak nyampe segitu bu, batal aja lah",budget sya gak nyampe segitu bu batal aja lah,batal,main
"Budget sya gak nyampe segitu bg, batal aja lah",budget sya gak nyampe segitu bg batal aja lah,batal,main
"Kemahalan e bu, sya coba tempat lain dulu",kemahalan e bu sya coba tempat lain dulu,batal,main
"Budget sya gak nyampe segitu bu, batal aja lah",budget sya gak nyampe segitu bu batal aja lah,batal,main
"Mahal amat bg, kurangin dong",mahal amat bg kurangin dong,batal,main
"Waduh mahal ya kak, gak jadi dulu deh",waduh mahal ya kak gak jadi dulu deh,batal,main
"Sya konsul dlu sama ortu, ternyata gak dibolehin, batal pak",sya konsul dlu sama ortu ternyata gak dibolehin batal pak,batal,main
"Sya konsul dlu sama ortu, ternyata gak dibolehin, batal bu",sya konsul dlu sama ortu ternyata gak dibolehin batal bu,batal,main
"Sya konsul dlu sama ortu, ternyata gak dibolehin, batal bg",sya konsul dlu sama ortu ternyata gak dibolehin batal bg,batal,main
"Wah diluar budget kak, batal ya",wah diluar budget kak batal ya,batal,main
"Sya konsul dlu sama ortu, ternyata gak dibolehin, batal bg",sya konsul dlu sama ortu ternyata gak dibolehin batal bg,batal,main
"Wah diluar budget pak, batal ya",wah diluar budget pak batal ya,batal,main
"Wah diluar budget pak, batal ya",wah diluar budget pak batal ya,batal,main
mahal sekali ya kak huhu,mahal sekali ya kak huhu,batal,main
oh berarti ndak jadi ganti baterai lah ye bang?,oh berarti ndak jadi ganti baterai lah ye bang,batal,main
"waduh mahal ya kak, ga jadi deh kak",waduh mahal ya kak ga jadi deh kak,batal,external
"Daan jadi jak bang, saye ambek jak tu laptop",daan jadi jak bang saye ambek jak tu laptop,batal,external
lain kali aja bang,lain kali aja bang,batal,external
batal,batal,batal,external
batal yak bang,batal yak bang,batal,external
cancell ajaa minnn,cancell ajaa minnn,batal,external
tak usah yak bg,tak usah yak bg,batal,external
"ala kak tak cukop dana saye segitu tu, nanti jak la kak",ala kak tak cukop dana saye segitu tu nanti jak la kak,batal,external
"Mohon maaf bang, tapi dana saye ndak mencukupek, jadi skip jak",mohon maaf bang tapi dana saye ndak mencukupek jadi skip jak,batal,external
kaya nye di batalkan dulu bang service nya,kaya nye di batalkan dulu bang service nya,batal,external
"Gak usah di benerin aja kak, besok saya ambil laptop nya",gak usah di benerin aja kak besok saya ambil laptop nya,batal,external
nd usah bang. agek butuh makai banyak duet,nd usah bang agek butuh makai banyak duet,batal,external
takkk cukupp laaa duet sayee minn,takkk cukupp laaa duet sayee minn,batal,external
"Mahal min, gak usah lah",mahal min gak usah lah,batal,external
Gak usah di benerin aja kak. besok saya ambil laptop nya,gak usah di benerin aja kak besok saya ambil laptop nya,batal,external
