text,label
coba tanya temen dlu ya pak mahal jg tnyata,batal
baterainya gak bisa dicas,batal
iya gitu aja deh mba,setuju
aman kan bang,lainnya
oke perkiraan selesai perbaikannya berapa lama ya,setuju
saya ambil ajaa besok bang maaf ya bangg budget nya belum adaa,batal
itu punya keluarga mau di buang sya ambil dikira rusak kalau untuk kuliah masih bisa bang,lainnya
okeey,lainnya
tetap gak kurang juga,batal
kan bg,lainnya
oke lh bg tapi itu kira matot atau casnya bg yg bermasalah kira,setuju
jadi speker mesin keyboard yang di perbaiki ya bang,setuju
sya konsul dlu sama ortu ternyata gak dibolehin batal bg,batal
okey bang maaf ya bang,setuju
kalau dikosongin aja bisa ga itu ya bg,lainnya
bang untuk pembayaran nya bisa tf engak,lainnya
iya kak lanjut,setuju
owh sipp bg,lainnya
besok ya bang saya ambil untuk harga bisa d infoin disini ga bang,batal
dah same solder balek ke tuh bang,lainnya
bg bisa ndk ambil nya besok pas saya plg kuliah aja,batal
siang sy tnya org rmh dlu y,lainnya
bisa kurang gak kak,batal
besok bukak jam berapa bg,batal
laptop nya boleh diambil kapan bu,lainnya
oke bg ntr saya nanya ortu dulu ya bg,setuju
oke bg nanti diambil,setuju
tapi kayanya diambil besok deh kak hujan lebat,batal
tidak jadi,batal
hargenye bise turun sikit ndak min,lainnya
jadi udah bisa ya kk,setuju
iya kak lanjutkan,setuju
selaen perbaikan laptop ade tukar tambah ndak bang,lainnya
bsk mungkin pagi atau sore saya ambil laptopnya,lainnya
owh iya bang,setuju
oke bang agak sore nanti ya bang soalnya lagi kegiatan di luar,setuju
kalau ganti keyboard lama gak,batal
kirekire maseh bise ditunggu ndak bg,lainnya
skip lok min mahal gak hargenye tu tak sanggup saye,batal
gk jd,batal
ok bang bntr y,setuju
okey bang maaf ya bang besok pasti kamek ambil bang,setuju
yang bagian mesin sama speker nya saja dulu bang kalau gitu ga buru sih bang nanti tunggu bapak on kamek kabarin abang ya jangan servis dulu gapapa bang siapa tau nanti bapak suruh ganti juga kebybord nya jadi ga sering bongkar pasang,setuju
apakah laptop sy sudah di lakukan pengecekan,lainnya
maksud saya minta instal kan ke windows pas laptop saya sebelum di install,lainnya
bang laptop tadi gaada sandi kan,lainnya
jauh bgt kak kalau bolak balik,lainnya
kabel fleksibel acer aspire g,lainnya
bang laptop saya belum kah,batal
bisa kah bang,lainnya
ohh okee bang,setuju
oke bg,setuju
siang okei nanti saya ambil,batal
ok bang sekitar sore atau habis magrib ngambilnya,setuju
sulistia,lainnya
bg kok laptop nya udh ga idup sma skli,lainnya
knp bang,lainnya
waalaikumsalam balik dari kuliah bisa kah saya ambil di jam atau an gitu lah,lainnya
lanjut pak,setuju
oke bg bentar ya,setuju
id upgrade jak bg,lainnya
mahal amat bang kurangin dong,batal
ada mines nya gak bang,batal
coba di instalkan windows dulu bang soalnya kata pemilik sebelumnya sebelum dia reset ke windows tu ga ada masalah,lainnya
oke baik laksanakan,setuju
boleh,lainnya
okeyy baik kak,setuju
kirakira bise ditahan lok ndak ye duet kamek belom ade ni,batal
sya pikir dlu bang,lainnya
siiip oke makasi kak,setuju
waalaikumsalam,lainnya
ohh ok bang mksehh infonyee,setuju
ntakkk cukupp laaa duet sayee min,batal
baik bg nnti saya ambil,setuju
oke bentar ya bang tanya bapak dulu,setuju
baik,setuju
lagi berhalangan untuk datang ke tokonsoalnya,lainnya
okeoke,lainnya
masih buka kan,lainnya
baru gitu kah bg depannya nda pakai yang patah itu lagi ya bg,lainnya
bg saya ambil laptop sore hr ini ya dkt magrib kek nya,lainnya
okey bg bntr lagi otw,setuju
okey kak,setuju
oke kk bsk yaa,setuju
bisa di ambil kapan setelah smua di servis,lainnya
mahal min gak usah lah,batal
nanti lok min kamek nak rundingkan dolo hargenye,batal
oiya baik kak nanti hari ini diambil,setuju
tutup smpai jam berapa bg,lainnya
iya nanti kasi tau aja ya kak kalau udah selesai,setuju
bang besok dah bisa di ambil engak,batal
nanti saya ambil ya,batal
siap malam ya bang,setuju
ini laptop black lagi ya bisa di setting lagi balik lagi ke awal ne,lainnya
insyaallah nanti saya ambil bg,batal
besok yaa bang,batal
besok udah bisa ambilkan bang,batal
batal bg,batal
aok bang tapi bise dikerjekan hari itok ke,setuju
nd usah,batal
jadi besok saya tinggal ambil aja,setuju
sbnarnya cma takut hilang file nya tp klo bsa sklian mau perbaiki juga,lainnya
ohh iya baik bang,setuju
iya mas dsini kondisi hujan,setuju
ok bg,setuju
iya bg,setuju
misi bang,lainnya
batal kak,batal
ohh oke bang,setuju
pak estimasi beresnye kirekire lamak tak,lainnya
iyaa okeey,lainnya
maaf bang br lihat kalo ganti hard disk aja gimana bang,lainnya
oke bang,setuju
bolehhh min,setuju
kemungkinan besok atau senin lah bg langsung kuliah,batal
okee kak makasih infonya,setuju
bg lokasi tokonye bise di shareloc ndak,lainnya
gak usah di benerin aja kak besok saya ambil laptop nya,batal
okey bang makasih banyak,setuju
oke pak jadi diperbaiki,setuju
acer a min,lainnya
pengerjaan nya,lainnya
baik bg,setuju
mahal amat bg kurangin dong,batal
okeh min,setuju
oke sep bang,setuju
iyaaa bang nantik saya ambil ya,lainnya
okey nanti saya kesana,setuju
nah itu saya pun bingung bang kenapa malah keyboard nya jadi bermasalah padahal sebelumnya nda pernah ada masalah,setuju
nanti saya ambil,batal
anda belum memiliki aplikasi myim untuk mengaktifkan perlindungan anti spam dan scam dari satspam harap mendownload aplikasi myim untuk mengaktifkan layanan tanpa biaya apapun,batal
oke sore ya kak,setuju
gas bang,setuju
tak jadi,batal
semoga bs sembuh bng y,lainnya
gimana kondisi nya,lainnya
besok pagisiang saye ambil bg,batal
gerak bang hanye kiri kanannye nd bise di tekan,lainnya
besok bukak jam brpe bang,batal
yallah e,lainnya
ohh baik lhh bng,setuju
file hilang nda kak instal nye,lainnya
bang kalau ganti batrai brpan ya,lainnya
iya kah kak gimana persyaratannya,setuju
oke ka tar ya balik ngampus,setuju
bang saya ambil hari minggu atau senin ya bang soal ny lagi ndk ada di ponti,lainnya
oke siap bang sore atau maghrib saye ke sana,setuju
kira kira minggu udh bisa di ambil engak bang,lainnya
tadi gak keburu jdi krja dulu,batal
bisa nego ga kk,lainnya
saya belum ambil bg,batal
nanti inpokan kalo udah ye,setuju
belum kah bang,batal
macam ndak mampu kamek bayarnye bg pass dolo,batal
maaf sya mau tanya,lainnya
lupa nanya kmrn klu ganti speaker laptop yg kmrn brp,lainnya
tahan lok bang tak cukop dana saye itok,batal
ga jadi deh kak,batal
bg kureng sikit bise lah ye,lainnya
okeyy bg besok jak ya saya ambil,batal
okey makasih banyak bang,setuju
boleh bg nanti klo sudah selesai infokn saja,batal
yang harga rb tadi,lainnya
habis berapa itu bg klo di total,lainnya
berapa semuanya ongkosnya bang,lainnya
okeh,setuju
oala oke kak besok saya antar laptop ya,setuju
okay,lainnya
kok bse ganti ganti agi bng,lainnya
bang toko ny tutup jam berapa ya bang,lainnya
boleh video in endk bang,lainnya
besok saya ngambil nya bg,batal
oke bangg,setuju
kamek sie dolok jak bentar lagi bang,lainnya
oke kak jadi diperbaiki,setuju
selamat malam bang maaf sblmnya menganggu saya mau nanya nih kenapa ya smart gesture scroll fingers d laptop saya jd nda berfungsi ya semenjak di install ulang kemarin awalnya saya pikir karena laptop saya belum tersambung k internet makanya ada instalan ny blm selesai tapi setelah kemarin tersambung k internet dan saya cb lihat di laman pengaturan nya ttp nda bisa berfungsi itu kenapa ya,batal
lanjut bg,setuju
gmn besok aja saya ke sana mas,batal
masalah lain gak ada bang,batal
ini bg,lainnya
gimana bang belum bisa kah,batal
abg buka nd yah hari ini saya antar leptop lgi,lainnya
boleh min,setuju
ini sistemnya tf nanti ya bang apa tf dulu,batal
besok buka jamber,batal
iya bg udh di pindahin,setuju
bg ada jual cas laptop nda,lainnya
inii saja dulu bang di perbaiki masalah tambah ram nanti ya bang soal nya bapak belum ada di rumah,batal
ndak bise turun ke hargenye bang,lainnya
kan kemarin abg bilang buat bagi penyimpanan nya juga ke data d tapi data d juga ada disitu ngaruh gak kira ke penyimpanan local disk c nya,batal
intinya leptop tu bang yang bermasalah awalnya cuma mau ngidupin nya jak sulit kadang langusng hidup kadang harus di buka tutupbuka tutup dulu baru hidup kata abng saya,lainnya
siang sore ya bang saya ngambil leptopnya,lainnya
oke bang siang ini saya bawa ke toko,setuju
tokonya tutup jam berapa ya,lainnya
bang kemarin pas adik saya buka laptop touchpadny gabisa pakekenapa ya,lainnya
ok kk sbntr lagi kmi ambil,setuju
bisa dicek gak,batal
okee kak kabarin aja nnti ya bg,setuju
skip lok kak kamek cari pinjaman dolo,batal
berarti harus di ganti keyboard ny dlu baru bisa di instal ulang kak,lainnya
iya kak jadi penting bisa dipake lagi,setuju
jadi gmn kak udh ada konfirmasi dri jakarta kah berapa harganya,setuju
aok pak sikat jak nnti saye ke situ ambeknye,setuju
apakah ada yg perlu diperbaiki bg,lainnya
oo iya,setuju
iya bang besok ngambil nya boleh kah tapi kalau nanti malam uang nya cepat di tf kamek ambil nanti malam bang,setuju
selamat malam juga bang tadi saya udah kasih tau orang tua untuk biayanya kata bapak mama saya servicenya ditunda dulu jadi besok siang saya ambil laptopnya di toko,setuju
mahal amat bu kurangin dong,batal
saya ambil aja dl bang hr ini nnt kl udh deal sm papa saya br saya kesana lagi,lainnya
hari ini buka kah bang,lainnya
cancel min,batal
oo gtu ya oke la bgupgrade lagi aja la bg ke wd,setuju
saya otw skng bg,setuju
baik ditunggu infonya,setuju
oke bg saya bawa ke sana,setuju
siap ditunggu infonya,setuju
gimana progress sekarang bang,lainnya
oke bang besok saya ambil,setuju
waalaikumsalam oke bang,setuju
skip lok pak kamek agek banyak pengeluaran,batal
sya konsul dlu sama ortu ternyata gak dibolehin batal bu,batal
oalahh oke deh min,setuju
besok jak bah boleh dk saye ambilnya,batal
apa ya kira kendalanya bg,lainnya
ok bntar,setuju
di titip di sana aja dl gpp kan,lainnya
siap kak nnti balik kesini lagi saya ambil nya kk,setuju
mahal amat kak kurangin dong,batal
batal min,batal
ohh baik lahh bang,setuju
min sy mau jual laptop bisa ka,lainnya
iya bang untuk sekarang emang baterai nya aman keyboard nya ja ni kemarin pun nda ada cek lain kan ya selain baterai,setuju
waalaikumsalam okee bang nanti saya ambil yaa,setuju
ok nanti saya ke sana,setuju
okee aman ya bg batrai aja berarti,setuju
okee makasihhh banggg,setuju
audio,lainnya
saya mau jual laptop,lainnya
program cegah stroke jangan sepelekan tekanan darah tinggi berulang lebih dari mmhg disertai dengan nyeri kepala migrain berulang maupun pusing berputar vertigo atau ngambang vertigo central bila disertai dengan riwayat pandangan gelap atau berkunang kunang atau kesemutan neuropati artinya aliran darah ke otak kurang lancar vertebrobasilar artery sindrome gejala awal stroke terlebih ada riwayat gula darah tinggi mgdl diabetes segera konsultasi biaya gratis seikhlasnya,setuju
saya mau jual ssd,lainnya
itu termasuk yang bermasalah pas mau di hidup kan itu kah bang,lainnya
hallo bg maaf mau tanya laptop yg ini gimna ya udah selesai blm ya,lainnya
gk jd bg,batal
alaaa bangg,lainnya
oke bg makasi mungkin mingdep saye ambek laptopnye bg,setuju
okei bg saya tanya orng rumah dulu nnti saya kabari lagii,lainnya
oke bang nanti saya ambil ya,setuju
mungkin blm bisa hari ini sy kesana bg soalnya masih di kampung,lainnya
siap bang,setuju
oke gppa mas,setuju
jam berapa toko tutup,lainnya
waalaikumsalam bang besok ya,batal
ok bng,setuju
jadi aman kah kak,setuju
malam ini bisa ya,lainnya
ye,lainnya
inpo kalo udah min,setuju
belom ade rezekinye bang simpan lok balek,batal
pagi bang ini kenapa laptopnya aneh ya setiap saya mau ngetik malah nda bisa,lainnya
yg laptop part gosong part nya bagian apa,lainnya
ok bentar lagi saye kesana,setuju
diskon dikit boleh bang,lainnya
untuk layarnye aman nd bg abang udh cobe hidupin belum,batal
besok aja ya kak saya ngambil nya saya lagi diluar pontianak,batal
waduh saya lagi diluar ni bang tokonya buka sampai jam berapa bang,lainnya
klo gtu gmne la bg,lainnya
gas min,setuju
oke bang buka sampe jam berapa bg,setuju
okelaa bang,lainnya
tak usah yak bg,batal
oh oke siap laksanakan,setuju
baik terimakasih infonya saya ambil besok pagi saja,setuju
okke bg,lainnya
bang kalau sama keyboard nya jadi juta ya semua nya,setuju
bg ad biaya tambahan gk,lainnya
oke,setuju
sip bang,lainnya
kalau instal ulang nda hilangkan filenye bg,lainnya
sikat jak bang tpi saye nak nunggu disitok bise ke,setuju
ohh gitu ya bangg,lainnya
kalo boleh tau bang kalo semisalnya bongkar biayanya berapa ya bng apakah nambah,lainnya
ya,lainnya
laptop saye ndk mau hidup bang setelah di restart die ndk mau idup tpi kipas nye bunyi nyaring,lainnya
infokan ya bg kalau dh selesai,lainnya
yang kipas aman bg,lainnya
s kakkk,setuju
kalau service printer disini bisa juga gak bg,batal
bg toko buka jam berapa,lainnya
ok sya kasi tau orng nya dlu ya,setuju
ooh oke kak perbaiki saja ya disitu nanti kl udh selesai kabarin,setuju
coba sore di cek lagi ya,lainnya
alaa bang kenpa nda di bilang kemarin kalau nd bisa ada beberapa file penting belum di pindah ke d saya kira backup data semua bisa di pindah ke d,batal
baik bang,setuju
yg gak bisa apa jak kak,batal
ohh gitu ya bg,lainnya
ok kak makasih,setuju
ok sip lanjut ganti nya kak,setuju
tf kmn bang,lainnya
oke bg terima kasih ya,setuju
dia hidup terus kek temati macam dk kuat ngangkat layarnya,lainnya
baik bang tutup toko jam brp ya,setuju
buka sampe jam brp bg,lainnya
bg besok saye ambek laptop e,batal
daan jadi bg,batal
masih lama kah download nya bang,lainnya
tak bisa kurang lg k,lainnya
oalah hri ini sy kesana bg,lainnya
siang kak jadi gmn kak laptopnya,setuju
bise kurang agik ndak pak dari tu,lainnya
oke bang nanti saya ambil sore,setuju
ooo gitu oke lah bang,setuju
waalaikumussalam oke bang,setuju
mungkin besok baru saya bisa ambil,batal
besok bararti bisa udah saya ambil bang,batal
pagi bang,lainnya
oke bang nanti sore saya kesana,setuju
klw bisa semua semuanya si kak hm,lainnya
ade endk kabel nye jual,lainnya
okey bang nanti kamek konfir masi abang ya,setuju
duet jajan saye tak cukop bg nabung lok saye,batal
daan jadi jak bang,batal
ok bang klo sudah selesai diperbaiki infokan saja ya bang,setuju
ndak jadi,batal
bayarnya bisa transfer nda bang,lainnya
jadi ape nye lah bang,setuju
iya bang,setuju
bagian mesinnya yang bermasalah apa ya bang,lainnya
lanjut jak bg tpi datanya jgn sampai ilang ye bg,setuju
kak nerima jual laptop gaa,lainnya
pengecas nya aman kah bg,lainnya
bercak bercak nye nd bisa hilang ke bang,lainnya
saya dari reformasi,lainnya
bedanya di ganti sama servis apa nya bang,lainnya
alhamdulillah cepat sekali bg saya mungkin belum ambilnya bg nanti pas mau ambil saya kabarin,batal
ndak jadi min,batal
total semua segitu ya boleh terimakasih,lainnya
jambrp tutup toko,lainnya
yaudah gpp pak gak jadi diperbaiki,setuju
baik bang saya mau,setuju
baik tapi malam ini sudah selesaikan pak seperti kesepakatan kita tadi malam,setuju
y bg lanjot jak asal bise main game agik laptopnye,setuju
nd bg,lainnya
kir besok udh selesai ga ya soalnya mau dipake,batal
mcmnye belom dolo lah bang nipis kantong saye,batal
berarti udh gak timbul lagi kan,batal
ssd tu supaya nda ngeleg kah,lainnya
lama gak perbaikannya min,batal
gass kan yak kak saye nak make cepat bah soalnye,setuju
oo iya bg file lama apk nya ada di data d bg,setuju
okeee min inpo klo udah,setuju
agak sorean nnti ya kk,lainnya
yg kabel penyambung nye tdik tuu bang,lainnya
gpp,lainnya
ndk jadi ganti aja kak,setuju
jadi ganti pasta aja,setuju
bg mau tanya leptop nya udh betul belum,batal
bang ada jual laptop harga jutaan gk,lainnya
oke bang baru mau dichat padahal,setuju
okee bang bentar lg ambil,setuju
assalamualaikum kak laptop saya lenovo adav hari lalu ketumpahan air disekitar keyboard esc sampai tombol power hari ini muncul garis garis di bawah kira kira ini ganti lcd berapa ya kak,lainnya
bisa kurang gak pak,batal
okee bg,setuju
siap bg,setuju
jadii itu ga ngaruh ke local disk c kan bang,lainnya
jadi supaya bisa masuk ke windows nya harus di install ulang ya kak,setuju
iya min,setuju
ohh oke bang terima kasih,setuju
iya udh lh,setuju
waalalikumsalam ntar aja setelah magrib ya sekarang nanggung mau keluar,batal
ok jadi bu tolong dikerjain ya,setuju
baik senin berarti sy ambil bg,setuju
nanti saya ambil labtob nya,batal
tapi masih ok buat dipakai y bg,setuju
ohh oke bang untuk harga berapa ya bang,setuju
oke bang intinya dak ke tekan sendiri,setuju
nda bise min duit kamek cuman rbu tok,batal
nanti sore saya ambil laptop nya,batal
besok sya ambil yah bg,batal
bisa ga di aave,lainnya
iya bang asal datanya masih aman,setuju
brrti untuk yg engselnya gak bisa di apa apa in ya,batal
betolkan jak bah asal rapi yak kerjenye,setuju
oke bang nnti sore saya ambil,setuju
cancel bang,batal
bisa tukar tambah ga ya bg,lainnya
kalo diantar bise ndak min nnti pas dah jadi,lainnya
ohh iya makasih kak,setuju
brapa bg,lainnya
bise ndak bang paskan jak lah,lainnya
baik bg besok siang saya ambil,setuju
tak usah,batal
besok saya ambil leptop nya hujan kak,batal
sya konsul dlu sama ortu ternyata gak dibolehin batal pak,batal
nda bisa ya,lainnya
ohhhh,lainnya
semoga baik baik saja,setuju
tibatiba jak bang,lainnya
berapa totalnya kak,lainnya
setelah ini ya kk,lainnya
okeii bg,lainnya
oke bang terima kasih,setuju
yang ini cari in dulu lah ya,lainnya
lcdnya ga bisa kah kak untuk tokohnya yg pesankan untuk saya tapi untuk biayanya berapa ya,lainnya
hari ini bs ambil,lainnya
oke bg saye infokan ke ibu saye dlu ye,setuju
sy otw store bg,setuju
ala kak tak cukop dana saye segitu tu nanti jak la kak,batal
usahakan lah minggu sudah selesai bisa gak min,batal
segera di ambil,setuju
oo iya permisi ya bang kalau hari ini mungkin saya blm bisa ngambil soalnya lagi pergi ngk di pontianak,setuju
hrus instalnulang lagi la ye,lainnya
klo ganti gimana bg bayar lg atau gimana,lainnya
duh ternyata harga laptop baru gak beda jauh gak jadi ya bg,setuju
test,lainnya
waalaikumsalam ini sudah diperbaiki atau belum bg,batal
saya bawa,lainnya
coba tanya temen dlu ya bang mahal jg tnyata,batal
ok jm ya,setuju
okelah bang makasih banyak,lainnya
kdg di kasur si bg,lainnya
tapi saya usahain malam ini kalau bs,lainnya
tunda lok pak nnti mun ade rezeki saye balek agik,batal
setuju kak,setuju
okee bangg,setuju
kak udaa buka belum,batal
assalamualaikum bang ini masih ad garansi servis gak soalnya laptop saya mati lagi tiba tiba gamau hidup,batal
ohhh baik lhh bng,setuju
permisi kakk,lainnya
bg bise nda ye saye minta instal windows yg lama karne saye tak ngerti pake windows yg skrg malah jadi kek gaptek,setuju
okeee kk nnti saya ambil leptop nya,lainnya
mohon maaf bang tapi dana saye ndak mencukupek jadi skip jak,batal
makasi ya bang,lainnya
klo ssd yg bermasalah itu mau di ganti ap gmn bg,lainnya
kire msh lma ke bg,lainnya
besok buka ke bang,batal
oke bang lanjut perbaiki,setuju
po juga nd bise ke bg,lainnya
okee bang,setuju
siang trimakasih nnti sy ambil,lainnya
baik bang jd besok udh bisa di ambil ya bang,setuju
yaudahh bg saya ambil aja laptop nya,lainnya
baik lh besok ya saya ambil,setuju
okok siap bg,setuju
mungkin malam nanti saya ambil ya sebelum jam,batal
kak boleh minta tolong copotkan ssd penyimpanan nggak saya mau ambil laptop nya sekarang,lainnya
mau minta tolong liatkan lagi,lainnya
halo sepertinya saya mau ambil dulu aja brg nya,batal
siap bangnanti saya kesanabisa transfer ga ya,setuju
klo isi pes msh smpat ga bg,lainnya
boleh di tf,lainnya
laptop nya boleh diambil kapan bg,lainnya
bisaaa negoo gkk minn harga serviss nya,lainnya
ok baik bg,setuju
diambil bsok ya bang,lainnya
ok tq,setuju
soalnya mau ngasih tau ortu kan ini diperbaiki jg yg layar hitamnya kan yg ga bisa tampil dn ga diganti lcd yg baru jadi biar tau apa aja gt yg di ganti,setuju
baik bang saya otw sekarang,setuju
jadi gmn bg udh di periksa kah laptopnya,setuju
gass jak bang tapi kamek mintak selesaikan hari itok juak ye,setuju
nanti malam saya ambil,batal
boleh bg ganti aja bg,lainnya
info jak ye kalau udh selesai,lainnya
jadi biaya nya kan bang,setuju
bisa kurang gak bu,batal
ok tq besok sy ambil bang,setuju
lanjut jak pak tlong dicek gak kipasnye sekalian,setuju
bntr ye bang maaf sy tnya ibu sy dlu,lainnya
toko nya tutup jam brp an bang,lainnya
kenapa bisa begitu ya bang sebelumnya masi normal,lainnya
min bisa instal spss,lainnya
oke bg terimakasih nnti saya ambl laptop nya,setuju
oke bg nanti laptop ny saya ambil ke toko,setuju
bang kamek ambil nya boleh kah atau sore kamis karna posisi lagi di mempawah bang ambik data lapangan,lainnya
otw bg,setuju
yg ini berharga bg,lainnya
ptt,lainnya
ok otw,setuju
buka sampe jam berapa bg,lainnya
jadi itu skrg bisa hidup ka bang masih,setuju
jadi semua total berapa bng,setuju
okeh bg,setuju
selamat pagi baik bang terima kasih apakah laptopnya sudah bisa diambil hari ini,setuju
tokooo tutup jam brpaa yaa minn,lainnya
iya bng siap,setuju
dengan layar nye juga ye bg,lainnya
malam ya,lainnya
bolee bang,lainnya
klo benerkn hardware kira brp bg,lainnya
lain kali aja bang,batal
min laptop nya atas nama suwardana udah jadi kah min,setuju
iya bang jdi,setuju
assalamualaikum warahmatullahi wabarokatuh,lainnya
besok ya bg sepulang kuliah,batal
berapa biayanya ya bang,lainnya
besok saja bisa tidak bang saya lagi ada urusan jadi tidak bisa malam ini mengambilnya,setuju
okee aman,setuju
kira kira jam brapa bisa ambil bang,lainnya
ao nanti sore saya ambil,batal
kirakira kapan bisa diambil pak,lainnya
smlm masih bisa,lainnya
budget sya gak nyampe segitu bang batal aja lah,batal
bise tolong nd bang,lainnya
okela bang nanti saya pikirkan dulu klo laptopnya disiitu dulu ndk apa kan bang,batal
bentar ye bang,lainnya
iya kak,setuju
aduh lari dari budget saye bg kumpulkan duet lok saye ni,batal
boleh tuh bang santai jak lok besok saye ambek,setuju
okedeh besok sy antar lptopny bng,batal
oke bang makasih,setuju
sya ada deadline tugas besok,batal
oke bg saya lagi ga bisa ambil simpan kan dulu gapapa,setuju
oke bang beso ya saya ambilnya,setuju
mahal gak ye bang bise lebih murah kah,lainnya
ok bntr bg,setuju
lewat lok bang nunggu gajian bulan depan baru bise,batal
batal yak bang,batal
sudah aman kh itu bang,lainnya
baik bang terimakasih,setuju
udah bise download ke bg,lainnya
oke ditunggu info lanjutan setelah cek ulang trims,setuju
okey kak infokn kl sudah selesai diperbaiki,setuju
nanti di ambil lagi hujan,batal
msih,lainnya
waw cepet banget,lainnya
oh iya bang,setuju
ok pak,setuju
cancell ajaa min,batal
info aja bg kalau ada laptop yg harga juta ya,lainnya
gimana bg udh ada jawaban kh dri teknisi nya,lainnya
bg saye ambek besok jak lah laptopnye duitnye kurang,batal
besok saya ambil,batal
besok jak kak,batal
okey bang ntar sore sye ambill,setuju
yg lain tidak ada kah bg,batal
nanti aja dlu bu blm ada uang,batal
kurang ribu bise ndak min,lainnya
maaf bg saye ambek jak laptopnye belom ade duit,batal
saya ambil besok ya bang,batal
nd usah bang agek butuh makai banyak duet,batal
ok deh kk,setuju
ganti ssd gak kurang lagi,batal
okey bang terimakasih,setuju
nda bise kurang hargenye tu bang,lainnya
kalau senin udah bisa dipakai bisa min diperbaiki,lainnya
bisa kurang lagi gak kak keyboard sama layarnya,batal
oke minnnn,setuju
iya kak soalnya mau pulang kampung,setuju
maaf ye bang saye cancel lok karne duetnye ndak cukop,batal
iya lah bang nanti saya kesana malam abng buka kah,setuju
jujur angkanya sedikit di atas anggaran yang saya siapkan apakah masih ada ruang untuk diskon atau negosiasi harga,lainnya
terimakasihhhh bang senin yang saya ambilll,lainnya
iya kak laptop nya yg lenovo thiknpad ya kak atas nama emil,setuju
ok sipp,setuju
ok,setuju
bise kureng ke bg hargenye tu,lainnya
batal pak,batal
baik kak terimakasih infonya mungkin malam baru bisa saya ambil,setuju
malam ini bisa gak kak,batal
okei kak nanti saya ambil kesitu yaa,batal
iy bg,setuju
kalau ngk sempat malam ini besok pagi aja saya ambil,batal
ok kpn jadinya,setuju
sbntr ya sdh di ayani,lainnya
jadi kalau dengan cas ni ya bg,setuju
pengaturan app nya yang mana bang,lainnya
bang sya ambil nya nunggu hujan reda aja klo ga besok ya,batal
untuk kesalahan ny di situ saja ya kak,lainnya
bg ada garansinya nda ya kalau udah ganti frame,lainnya
oke kak terimakasi,setuju
okee lanjutkan service nya bang kalau udah selesai konfirmasi yaa,setuju
ndk bng soalnye ndk ngerti lepaskan e gmne,lainnya
okee kak saya ambil di hari jumat ya kak,setuju
mahal sekali ya kak huhu,batal
oh gitu kak btw kalau jual laptop bekas disini bisa gak kak,batal
buka jam brp,lainnya
iyaa kak,lainnya
okee,setuju
oke siap bang makasih bang,setuju
misalnya lcd diperbaikiganti biayanya berapa bang,lainnya
batal,batal
besok ye bang sya ambil,batal
nd bise kurang ke bang,lainnya
ada biaya tambahan lg kah,lainnya
bg udh bise ke atau mash loading,lainnya
oke makasih mas,setuju
okee kk entar saya ambil,setuju
nda usah bang,batal
ok sip lanjut ganti nya bu,setuju
nda usah,batal
owh iya bang boleh mau nnyk bang apa ad garansi nya,setuju
aok kak gass jak bise kelar ari itok ndak kak,setuju
oke bg sudah bsa,setuju
tungguu yaa bang saya nanya orang tua duluu,lainnya
ok bang nnti malam bisa saya ambil ga sekitar jam setengah,setuju
okee makasii bg,setuju
ohhh baik lhh bng perkiraan butuh berapa lama yaa sebelum lebaran udah bisa jadi gak bng,setuju
macbook bisa min,lainnya
iya baik bang,setuju
bise ambil mlm ni kn bg,lainnya
budget sya gak nyampe segitu bg batal aja lah,batal
malam ya ok,setuju
tapi itu masih bisa di paki ya bg,lainnya
nanti yaa bang bapak belum on soal nya nanti kamek konfirmasi abang kalau ganti keyboard nya juga,batal
wah diluar budget kak batal ya,batal
gpp dh bg gak usah diperbaiki laptop e udh lama juga,batal
kerjekan jak lok bang nnti saye transfer dpnye,setuju
sya konsul dlu sama ortu ternyata gak dibolehin batal kak,batal
wah diluar budget pak batal ya,batal
gaada obeng bng hehe besok saya ksna ya,batal
okei kak besok kalo udh selesai kabarin aja yaa kak terima kasih,batal
oklah bg,lainnya
ndak bise diteruskan bang kamek belom gajian,batal
turunkan sikit bise lah bang hargenye,lainnya
waalaikumsalam oke nanti saya ke sana,setuju
hee maaf gak bisa bng lagi ada mata kuliah tdi bng full lagii ga main hp jga bng kalo besok bisa ga bng datangnya,batal
udah bisa di ambil kah bg laptop nya,lainnya
permisi bang,lainnya
lanjot bang,setuju
baik bg nanti saya info kembali soal jadi atau nga nya ya bg,setuju
tapi bole gak di cek kan dlu,batal
insyaallah besok sy ambil bg,batal
itu ssdnya upgrade atau ganti yg sama kak,lainnya
oke kak kalo gitu brarti masi bisa di pakai normal walau tanpa baterai ya yg penting sambil di charger,setuju
kalau besok buka besok kamek ambil nya bang takut ga keburu malam ni ambil nya,batal
keyboard agik y bang,lainnya
maaf baru aktif bang,lainnya
coba tanya temen dlu ya bu mahal jg tnyata,batal
tutup nya sekitar jam berapa ya kak,lainnya
aok min kerjekan jak lok tpi jangan diinstal ulang ye datanye,setuju
besok buka jam brpa ya,batal
baik pak nanti agak sore saya ambil kesitu,setuju
jam berape saye bise ke toko bang,lainnya
itulah,lainnya
salam sehat terimakasih telah menghubungi kami drbudhi febrian pj spn aifok untuk berkonsultasi silahkan tinggalkan pesan chat atau pesan suara terkait jenis keluhan gejala penyakit riwayat penyakit dan riwayat berobat obat yang sudah diminum kami akan segera analisa dan menjawab pertanyaan tersebut serta menjadwalkan telepon atau video call bila diperlukan kami siap membantu agar lekas sembuh insyaa allah,setuju
cancel bg,batal
saya baru bisa ambil sekarang kalau besok pagi atau siang bisa diambil jam berapa,batal
alah pening kmek ni bg mnde tu orng bajak wa ngerase menang lh die kalau tau leptop saye ndk bise dipulihkan,lainnya
bang izin bertanya kira kapan selesai nya yaa,lainnya
malam ini tutup jam berapa,lainnya
pass lok bang agek kere kamek ni,batal
batal jak bang,batal
klok tk ade besok lah ye bg,batal
besok buka bg,batal
baiklah bg nanti kalau jd saya infokn,batal
nanti dulu ya kak saya cari gojek dulu,batal
tq,lainnya
misi bang udah selesai kah bang,lainnya
ok bang,setuju
baik nnti saya ke sana ya,setuju
ok masih,setuju
sama ini,lainnya
halo iy blh,setuju
min blm kah ini,lainnya
oh berarti ndak jadi ganti baterai lah ye bang,setuju
permisi bangni laptop sinyal nya lemottrs wifi nya sering tersambung ulangsering disconnect padahall wifi saya pake di hp lancaraja ntar sore bisa kah bang saya bawa laptop nya di sanabuat di setingbiar gak lemot singal nya,batal
makanya saya tidak ganti kak,batal
besok buka gak min pagi,batal
ndak usah dolo bang,batal
sikat jak bang biar kamek pakai buat nugas ari itok,setuju
bg hargenye bise dipaskan agik ndak,lainnya
bentar lagi otw bang,setuju
maaf kak kepencet,lainnya
oh boleh lh bg,lainnya
jdi yg disini hilang semua benar nd ada yg di backup,lainnya
nanti malm saya ambil ya bg,batal
ok besok saya ambil laptop nya trims,setuju
ndk bsa kek biasanye gtu ke,lainnya
bg kn kmrn saya nd pakai laptop sy trs pas baru saya pakai hri ini die tu tetap blue screen bg nah itu tu knp ya,lainnya
besok saya coba kesana ya kak,batal
okey bgkak,setuju
owh ok klo casannya ada jual juga kah bang dan harganya berapaan,setuju
kalau udh tf nanti saye kirimkan bukti nye bang,batal
besok siang saya ke toko lgi bg soal ny seklian ke kampus,batal
budget sya gak nyampe segitu bu batal aja lah,batal
pagi kk jdi kek mne kk laptopnye,lainnya
oke ka jam ya saya ambil,setuju
soalny dikapuas hulu bang,lainnya
malam bang tadi lupa nanya untuk selanjutnya agar baterainya tahan lama dan nda rusak lagi gimana ya pemeliharannya,lainnya
ambil skrg buka nda bg,lainnya
gass bah min cepatkan sikit ye soale saye nak ujian,setuju
baik bang nanti sore diambilnya,setuju
oke gas bg,setuju
oke min,setuju
ok kk terimakasih ya,setuju
budget sya gak nyampe segitu pak batal aja lah,batal
oke kak,setuju
terima kasih bg,lainnya
jm brp storenya tutup kak,lainnya
alahmakk kenak dah lcd nye ye nd apelah bang gas jak biar cepat betol nye kalo bise hari ini ye bang,setuju
bang bise beso ke ngambil laptobnya,lainnya
nanti kalau sudah selesai kasi tau ya kak,batal
td saye taruh dstu si bg,lainnya
ly bang,lainnya
klo cas laptop acer berapa,lainnya
sore bang saya jadi pesan baterai utk laptop advan saya bang,setuju
oke toko tutup jam berape,setuju
wa saye dipake orng yg nd bertangong jwb bg,lainnya
malam bang hardisk yang ekternalnya kok gak bisa kebaca ya dari kemarin ya,batal
iya santai jak kak,setuju
lahmak maaf ye bang kayaknye belom dulu lah ni blm ad duet ny,batal
siang bang jumatan kah hr ini jm brp buka lagi,lainnya
oke besok saye kesana bang,setuju
waalaikumsalam baik bang terimakasih bang,setuju
baik pak akan saya ambil ya,setuju
ok makasih infonya,setuju
iye bng,lainnya
boleh katanya bg,lainnya
okee deh kalau gitu sekalian besok siang jak lah bang,setuju
yaudah gpp bu gak jadi diperbaiki,setuju
oke kak nanti saya kabarin lagi masi mau nyarinyari laptop secund soalnya sama mau nabung dulu,setuju
bise nego ndak tu kak,lainnya
oke bg bentar lagi saya kesana,setuju
sya konsul dlu sama ortu ternyata gak dibolehin batal bang,batal
okelah bang ganti jak lok yg rusak tu,setuju
apk nya terapus semua nda bang,lainnya
laptonya udh boleh diambil kah bg,lainnya
tunda lok ye bang keperluan agek banyak bulan itok,batal
okee min,setuju
oh ok lh terimakasih ya bg,setuju
okelah bang lanjot jak tpi saye nak nengok lok komponen rusaknya nnti,setuju
malam bang apakah laptopnya sudah selesai dikerjakan dan dapat diambil,lainnya
yang patah tuu,lainnya
malam masih buka gak,batal
bg bukak dari jam berape besok,lainnya
okey jam an sya kesana,setuju
klau yg baru berapa kak,lainnya
soalny tiap saya tinggl bntr laptop tu tibe blue screen trs file ny tu terapus yg udh saya kerjakan,lainnya
oke bang tutup jam brapa,setuju
nda jadi,batal
kalu malm bisa diambil ndk bang,lainnya
aok bang lanjot jak tpi bsok pagi kamek ambek bise ke,setuju
jadi harus gmn bang,setuju
oke kak info jak,setuju
bg dibenerin aja lh kira ada garansiny ndk bg,lainnya
kalo emng udh nggak bisa dibetulkan biar saya ambil aja udah lama juga,lainnya
di sini bisa jual laptop seken,lainnya
tibe bise die,lainnya
aok bg gas jak bah nak cepat make kamek ni,setuju
ad bang makasih ya,lainnya
bntar yee bang saye kesitu,lainnya
perbaikannya berapa lama ya bang,lainnya
ljt yak bg,setuju
aok bg betolkan jak lok saye ngikut yak,setuju
gmn bg laptop nya,lainnya
besok siang ya bang saya ambil nda pape ke,batal
bise kurang agik ndak tu hargenye bang,lainnya
oke besok pagi saya ambil,setuju
baik kk,setuju
kaya nye di batalkan dulu bang service nya,batal
lepas aja gak masalah kan,batal
touchscreen sm keyboard brarti ya,lainnya
belom rezeki bg saye ambek balek jak dolo,batal
baterai e ndk ngpe ke bng,lainnya
sip min,setuju
itu ada disitu filenya,lainnya
sdh selesai apa blm dik laptopnya,lainnya
nnti malam atau besok bisa gak,batal
iya lah kak,setuju
bg besok yk sye ambil nd sempat hri ni,batal
klo mau ganti frame berape ye bg,lainnya
besok saya ambil ya bang,batal
bg saya tf byr ny,lainnya
jadi untuk perbaikannya apa saja ya bg,setuju
kenak harga brp bang kalo ganti frame depan belakang,lainnya
gabisa juga bang,lainnya
tarik balek,batal
oh oke sebentar ya,setuju
boleh bang gausah nambah aja bang,setuju
kak hargenye bise digoyang sikit ndak,lainnya
untk leptop advan cuma itu aja ke bg perbaikannya,lainnya
ok pak makasih,setuju
gak jadi bang uangnya mau dipake keperluan lain dlu,setuju
okee bang aman makasih bang,setuju
bg ttup,lainnya
dia tu kek nda sesuai gitu kita pencet apa munculnya apa misal saya pencet huruf o dia langsung arahkan ke folder trus pencet huruf lain langsung new tab pencet huruf lain lagi malah ke profil google kek aneh gitu,lainnya
bg kenapa laptop gini lagi ya,lainnya
tolong sampe bisa nyaman aman sentosa yaa kak,lainnya
aduh duit saye tak cukop bg ambek lok lah nnti,batal
siang bang,lainnya
abis file kuliah saye emg nd bise benar k bg nanti sye bayar,batal
oke boleh kak lnjutkan,setuju
nanti saya konfirmasi kembali,batal
lanjot jak min tolong kabarin mun dah nyale,setuju
gmn ya,lainnya
owh oke bang kemungkinan bsk saya ambil lep top nya,setuju
sepertinya semua bang,lainnya
kalau bise cepat saye bayar lebih bg,lainnya
ok siap makasih bg,setuju
makasih banyak yaa bangggg,lainnya
ok bg nanti yaa bg saya ambil nya nanti saya infokan kalau mau ngambilnya,setuju
nanti infokan saja,batal
waduh mahal ya bu gak jadi dulu deh,setuju
bisa kurang gak bang,batal
okes siap bang,setuju
iya mas perbaiki aja bsok pagi udh bisa di ambil,setuju
oke nnti saya bawa,setuju
lama sekali ke bang die,lainnya
siang bg jadi gmn bg laptop nya,setuju
